filename,label,ground_truth,predicted_text,cer,wer,lev,acc
001_heo-cao-boi_F_crop_4.jpg,weight,200 g,200 g,0.0,0.0,0,1
001_heo-cao-boi_F_crop_5.jpg,weight,100 g,100 g,0.0,0.0,0,1
002_mi-ly-modern_F_crop_1.jpg,name,MÌ LY MODERN,MÌ LY MODERN,0.0,0.0,0,1
003_banh-crepe-sua-tuoi_B_crop_0.jpg,brand,SweetHome Bakery,SweetHome Bakery,0.0,0.0,0,1
003_banh-crepe-sua-tuoi_B_crop_3.jpg,date,05/11/2024,05/11/2024,0.0,0.0,0,1
003_banh-crepe-sua-tuoi_B_crop_4.jpg,date,24h 11/11/2024,24h 11/11/2024,0.0,0.0,0,1
003_banh-crepe-sua-tuoi_F_crop_0.jpg,brand,SweetHome Bakery,SweetHome Bakery,0.0,0.0,0,1
003_che-buoi_F_crop_2.jpg,weight,140 g,140 g,0.0,0.0,0,1
003_che-buoi_F_crop_3.jpg,date,06/11/2024,06/11/2024,0.0,0.0,0,1
003_che-buoi_F_crop_4.jpg,date,10/11/2024,10/11/2024,0.0,0.0,0,1
004_cal-cheese_F_crop_0.jpg,brand,MAYORA,MAYORA,0.0,0.0,0,1
004_cal-cheese_F_crop_1.jpg,weight,48g,48g,0.0,0.0,0,1
004_cal-cheese_F_crop_2.jpg,weight,48g,48g,0.0,0.0,0,1
004_cal-cheese_F_crop_3.jpg,name,Thực Phẩm Bổ Sung Bánh Xốp Kem Phô Mai Cal Cheese,Thc2hậm Sữg Bh XgokemhôMcC Che L,0.5102040816326531,1.0,25,0
007_snack-nhan-dau-phong_F_crop_0.jpg,name,SNACK NHÂN ĐẬU PHỘNG,SNẠch NHÂNipÂU PHỘNG,0.25,0.75,5,0
009_sting-vang_B_crop_0.jpg,name,NƯỚC TĂNG LỰC STING,,1.0,1.0,19,0
009_sting-vang_B_crop_1.jpg,weight,320 ml,Trà Tihực,1.3333333333333333,1.0,8,0
011_sting_B_crop_0.jpg,name,NƯỚC TĂNG LỰC STING HƯƠNG DÂU TÂY ĐỎ,TỰỚ GPG AHHẠT,0.8055555555555556,1.0,29,0
011_sting_B_crop_1.jpg,weight,320 ml,320 ml,0.0,0.0,0,1
012_banh-hoa-cuc_F_crop_0.jpg,brand,Fe'sta,Fe'sta,0.0,0.0,0,1
012_banh-hoa-cuc_F_crop_1.jpg,name,Hoa cúc ngàn lớp,Hoa cúc ngàn lớp,0.0,0.0,0,1
013_snack-vi-suon-nuong_F_crop_0.jpg,brand,Lay's,Lay's,0.0,0.0,0,1
014_mentos-keo-ngam-khong-duong_F_crop_1.jpg,brand,mentos,mentos,0.0,0.0,0,1
015_mentos-keo-ngam-khong-duong_B_crop_0.jpg,name,KẸO NGẬM KHÔNG ĐƯỜNG,KẸO NGẬM KHÔNG ĐƯỜNG,0.0,0.0,0,1
015_mentos-keo-ngam-khong-duong_B_crop_2.jpg,weight,35 g,35 g,0.0,0.0,0,1
018_himalaya-salt_F_crop_1.jpg,brand,HIMALAYA Sports,HIMALAYA Sports,0.0,0.0,0,1
019_himalaya-salt_B_crop_3.jpg,date,10/09/2024,CHOICL C,1.0,2.0,8,0
019_himalaya-salt_B_crop_4.jpg,date,09/09/2026,CHOIE2i,0.875,1.0,7,0
022_marshmallows_B_crop_0.jpg,date,02/07/2024,02/07/2024,0.0,0.0,0,1
022_marshmallows_B_crop_1.jpg,date,01/10/2025,01/10/2025,0.0,0.0,0,1
023_lap-xuong_F_crop_0.jpg,name,LẠP XƯỞNG,LẠP XƯỞNG,0.0,0.0,0,1
023_lap-xuong_F_crop_1.jpg,brand,Greenfeed,Greenfed,0.1111111111111111,1.0,1,0
025_rong-bien_F_crop_1.jpg,name,Rong Biển,Rong Biển,0.0,0.0,0,1
025_rong-bien_F_crop_2.jpg,weight,20 g,20 g,0.0,0.0,0,1
026_vinamilk-sua-dinh-duong-socola_F_crop_1.jpg,name,SỮA DINH DƯỠNG ,SỮA DINH DƯỠNG,0.0,0.0,0,1
028_dau-an-happi-koki_F_crop_0.jpg,brand,happi Koki,happi Koki,0.0,0.0,0,1
028_dau-an-happi-koki_F_crop_2.jpg,weight,1 lít,1 lít,0.0,0.0,0,1
031_dau-an-cai-lan_F_crop_1.jpg,name,DẦU THỰC VẬT HẢO HẠNG,DẦU THỰC VẬT HẢO HẠNG,0.0,0.0,0,1
032_dau-an-cai-lan_B_crop_2.jpg,date,24 tháng trước hạn sử dụng (HSD).,24 tháng trước hạn sữ dung (HSD.,0.06451612903225806,0.2857142857142857,2,0
033_dau-an-bep-hong_F_crop_0.jpg,brand,Bếp Hồng,Bếp Hồng,0.0,0.0,0,1
033_dau-an-bep-hong_F_crop_1.jpg,name,Dầu thực vật tinh luyện,TUMNOLIT,0.8695652173913043,1.0,20,0
033_dau-an-bep-hong_F_crop_2.jpg,weight,1 Lít,1 Lít,0.0,0.0,0,1
034_dau-an-orchid_F_crop_0.jpg,brand,orchid,orchid,0.0,0.0,0,1
036_dau-an-good-meall_F_crop_0.jpg,brand,Good Meall,Good Meall,0.0,0.0,0,1
037_dau-dau-nanh-simply_F_crop_0.jpg,brand,Simply,Simply,0.0,0.0,0,1
038_dau-dau-nanh-simply_B_crop_0.jpg,weight,1 lít,1 lít,0.0,0.0,0,1
039_dau-dau-nanh-truong-an_F_crop_0.jpg,date,101224,101224,0.0,0.0,0,1
039_dau-dau-nanh-truong-an_F_crop_1.jpg,date,101226,101226,0.0,0.0,0,1
039_dau-dau-nanh-truong-an_F_crop_2.jpg,brand,Tường An,Tường An,0.0,0.0,0,1
039_dau-dau-nanh-truong-an_F_crop_3.jpg,name,DẦU ĐẬU NÀNH,DÂU ĐẬU NÀNH,0.08333333333333333,0.3333333333333333,1,0
040_dau-dau-nanh-truong-an_B_crop_2.jpg,weight,1 lít,1 lít,0.0,0.0,0,1
041_bo-dau-phong_F_crop_1.jpg,name,BƠ ĐẬU PHỘNG,BƠ ĐẬU PHỘNG,0.0,0.0,0,1
043_bo-thuc-vat_F_crop_1.jpg,name,BƠ THỰC VẬT,BƠ THỰC VẬT,0.0,0.0,0,1
045_nui-trung_F_crop_1.jpg,brand,erici,erici,0.0,0.0,0,1
046_nui-trung_B_crop_2.jpg,weight,400 g,400 g,0.0,0.0,0,1
047_nui-bon-mua_F_crop_1.jpg,weight,200 g,200 g,0.0,0.0,0,1
050_nui-ong-dai_F_crop_0.jpg,brand,Bà Bảy,Bà Bảy,0.0,0.0,0,1
050_nui-ong-dai_F_crop_1.jpg,name,Nui ống dài,Nui ống Cdài,0.09090909090909091,0.3333333333333333,1,0
051_mi-trung-cao-cap_F_crop_0.jpg,name,Mì Trứng Cao Cấp,Mì Trứng Cao Cấp,0.0,0.0,0,1
051_nui-gao-lotus_F_crop_0.jpg,brand,Lotus,Lotus,0.0,0.0,0,1
052_nui-chu-c_F_crop_1.jpg,name,Nui Chữ C,Nui Chữ C,0.0,0.0,0,1
054_tuong-ot-knorr_B_crop_3.jpg,name,TƯƠNG ỚT TRÒN 5 VỊ!,TƯƠNG ỚT TRÒVỊ!,0.21052631578947367,0.6,4,0
054_tuong-ot-knorr_B_crop_4.jpg,weight,220g,220g,0.0,0.0,0,1
055_tuong-ca-nam-duong_F_crop_0.jpg,brand,Namduong,CHOIE L,1.0,2.0,8,0
055_tuong-ca-nam-duong_F_crop_1.jpg,date,081125,081125,0.0,0.0,0,1
055_tuong-ca-nam-duong_F_crop_2.jpg,brand,NamDương,NamDương,0.0,0.0,0,1
057_tuong-ot-xanh_F_crop_1.jpg,name,Ớt Xanh Tương,Ớt Xanh Tương,0.0,0.0,0,1
058_tuong-ot-xanh_B_crop_0.jpg,brand,Ông Chà Và,Ông Chà Và,0.0,0.0,0,1
058_tuong-ot-xanh_B_crop_1.jpg,weight,220 g,220 g,0.0,0.0,0,1
060_tuong-ot-ong-cha-va_B_crop_0.jpg,weight,280 g,280 g,0.0,0.0,0,1
060_tuong-ot-ong-cha-va_B_crop_1.jpg,date,12 tháng trước HSD,CHOCE2D,0.8333333333333334,1.0,15,0
061_tuong-ot-sieu-cay_F_crop_2.jpg,weight,530g,530g,0.0,0.0,0,1
062_tuong-ot-sieu-cay_B_crop_0.jpg,date,03/12/24,03/12/24,0.0,0.0,0,1
062_tuong-ot-sieu-cay_B_crop_1.jpg,date,03/12/25,03/12/25,0.0,0.0,0,1
062_tuong-ot-sieu-cay_B_crop_2.jpg,brand,TAI LOC FOODS,TAI LOC FOODS,0.0,0.0,0,1
063_tuong-ot-sieu-cay_F_crop_0.jpg,brand,TAILOCFOODS,TAILOCFOODS,0.0,0.0,0,1
063_tuong-ot-sieu-cay_F_crop_2.jpg,weight,530 g,530 g,0.0,0.0,0,1
064_tuong-ot-dellycook_F_crop_0.jpg,brand,Dellycook,Dellycook,0.0,0.0,0,1
064_tuong-ot-dellycook_F_crop_1.jpg,name,Tương Ớt CHILI SAUCE ,Tương Ớt CHICE,0.3,0.5,6,0
068_tuong-den-pho_B_crop_0.jpg,brand,Cholimex FOODS,Cholimex FOODS,0.0,0.0,0,1
068_tuong-den-pho_B_crop_1.jpg,name,Tương Đen Phở,Tương Đen Phở,0.0,0.0,0,1
068_tuong-den-pho_B_crop_2.jpg,date,19 09 24,19 09 24,0.0,0.0,0,1
068_tuong-den-pho_B_crop_3.jpg,date,19 09 25,19 09 25,0.0,0.0,0,1
068_tuong-den-pho_B_crop_5.jpg,brand,Cholimex,Cholimex,0.0,0.0,0,1
069_tuong-ot-chua-ngot_F_crop_2.jpg,brand,Cholimex FOODS,Cholimex FOODS,0.0,0.0,0,1
071_tuong-ot-chin-su_F_crop_0.jpg,name,Tương ớt,Tương ớt,0.0,0.0,0,1
073_xot-uop-thit-nuong_F_crop_0.jpg,brand,Cholimex FOODS,Cholimex FOODS,0.0,0.0,0,1
073_xot-uop-thit-nuong_F_crop_1.jpg,name,XỐT ƯỚP THỊT NƯỚNG,XỐT ƯỚP THỊT NƯỚNG,0.0,0.0,0,1
073_xot-uop-thit-nuong_F_crop_2.jpg,weight,70 g,70 g,0.0,0.0,0,1
074_xot-uop-thit-nuong_B_crop_2.jpg,date,12/12/24,12/12/24,0.0,0.0,0,1
074_xot-uop-thit-nuong_B_crop_3.jpg,date,12/12/25,12/12/25,0.0,0.0,0,1
075_xot-ga-chien-nuoc-mam_F_crop_1.jpg,weight,70 g,70 g,0.0,0.0,0,1
075_xot-ga-chien-nuoc-mam_F_crop_2.jpg,name,GÀ CHIÊN NƯỚC MẮM,GÀ CHIÊN NƯỚC MẮM,0.0,0.0,0,1
077_xot-ga-chien-nuoc-mam_F_crop_0.jpg,brand,Barona,Barona,0.0,0.0,0,1
077_xot-ga-chien-nuoc-mam_F_crop_1.jpg,name,- Xốt Gia Vị Hoàn Chỉnh - GÀ CHIÊN NƯỚC MẮM,GÀ CHIẾNGƯỚC MUẮC,0.7,0.8888888888888888,28,0
078_xot-ga-chien-nuoc-mam_B_crop_0.jpg,name,Xốt Gia Vị Hoàn Chỉnh GÀ CHIÊN NƯỚC MẮM,ốh ie VỊNHoá chi Hu2 Cm,0.5897435897435898,1.0,23,0
078_xot-ga-chien-nuoc-mam_B_crop_2.jpg,date,17.10.24,17.10.24,0.0,0.0,0,1
078_xot-ga-chien-nuoc-mam_B_crop_3.jpg,date,17.10.25,17.10.25,0.0,0.0,0,1
081_sot-spaghetti_F_crop_2.jpg,brand,ofood,ofood,0.0,0.0,0,1
081_sot-spaghetti_F_crop_3.jpg,weight,120 g,120 g,0.0,0.0,0,1
082_hu-tieu-bo-kho_F_crop_1.jpg,name,Hủ Tiếu Bò Kho,Hủ Tiếu Bò Kho,0.0,0.0,0,1
084_chao-thit-bam_F_crop_1.jpg,name,Cháo Thịt Bằm,Cháo Thịt Bằm,0.0,0.0,0,1
084_chao-thit-bam_F_crop_2.jpg,weight,70,70,0.0,0.0,0,1
085_bot-suong-sao-den_F_crop_1.jpg,brand,Vinathạch,Vinathạch,0.0,0.0,0,1
086_snack-tom-vi-muoi-ot-xanh_F_crop_1.jpg,name,Snack Tôm Vị Muối Ớt Xanh,Ônac Tm àưgen,0.68,1.0,17,0
087_tao-ninh-thuan_F_crop_0.jpg,name,TAO NINH THUAN,TAO NINH THUAN,0.0,0.0,0,1
087_tao-ninh-thuan_F_crop_1.jpg,weight,0.792 kg,0.792 kg,0.0,0.0,0,1
087_tao-ninh-thuan_F_crop_2.jpg,date,6.1.2025,6.1.2025,0.0,0.0,0,1
088_tao-gala-mini-phap_F_crop_0.jpg,name,TAO GALA MINI PHAP,TAO GALA MINI PHAP,0.0,0.0,0,1
088_tao-gala-mini-phap_F_crop_1.jpg,weight,0.476kg,0.476kg,0.0,0.0,0,1
089_sapoche_F_crop_1.jpg,date,06-01-2025,06-01-2025,0.0,0.0,0,1
089_sapoche_F_crop_2.jpg,date,05 NGÀY KỂ TỪ NGÀY SẢN XUẤT,05 NGÂY KỀ TƠ NGÂY SÂN XUẦT,0.2222222222222222,0.8571428571428571,6,0
089_sapoche_F_crop_3.jpg,weight,500g,500g,0.0,0.0,0,1
090_man-an-phuoc_F_crop_1.jpg,weight,0.554 kg,0.554 kg,0.0,0.0,0,1
090_man-an-phuoc_F_crop_2.jpg,date,7.1.2025,7.1.2025,0.0,0.0,0,1
091_oi-nu-hoang_F_crop_2.jpg,date,7.1.2025,7.1.2025,0.0,0.0,0,1
092_trung-ga-tuoi_F_crop_0.jpg,weight,550g,550g,0.0,0.0,0,1
093_trung-ga-tuoi_F_crop_0.jpg,brand,HAPPY EGG,HAPPY EGG,0.0,0.0,0,1
093_trung-ga-tuoi_F_crop_1.jpg,name,TRỨNG GÀ TƯƠI,TRỨNG GÀ TƯƠI,0.0,0.0,0,1
093_trung-ga-tuoi_F_crop_3.jpg,weight,366g,366g,0.0,0.0,0,1
094_trung-ga-tuoi_B_crop_1.jpg,name,TRỨNG GÀ TƯƠI,TRỨNG GÀ TƯƠI,0.0,0.0,0,1
096_trung-vit-bac-thao_F_crop_3.jpg,weight,240g,240g,0.0,0.0,0,1
097_trung-cut_F_crop_1.jpg,brand,PHƯƠNG NAM FARM,PHƯƠNG NAM FARM,0.0,0.0,0,1
097_trung-cut_F_crop_3.jpg,weight,300g,300g,0.0,0.0,0,1
098_trung-vit-tuoi_F_crop_0.jpg,brand,PHƯƠNG NAM FARM,PHƯƠNG NAM FARM,0.0,0.0,0,1
098_trung-vit-tuoi_F_crop_2.jpg,weight,360g,360g,0.0,0.0,0,1
099_trung-vit-tuoi_B_crop_0.jpg,name,Trứng Vịt Tươi,Trứng Vịt Tưoi,0.07142857142857142,0.3333333333333333,1,0
099_trung-vit-tuoi_B_crop_1.jpg,weight,360g,360g,0.0,0.0,0,1
099_trung-vit-tuoi_B_crop_2.jpg,date,12 ngày (kể từ ngày đóng gói),12 ngày kè từ ngày đông gôi,0.1111111111111111,0.42857142857142855,3,0
099_trung-vit-tuoi_B_crop_3.jpg,date,28-12-2024,28-12-2024,0.0,0.0,0,1
100_tao-do-khong-hat_F_crop_0.jpg,name,TÁO ĐỎ KHÔNG HẠT,TÁO ĐỎ KHÔNG HẠT,0.0,0.0,0,1
100_tao-do-khong-hat_F_crop_1.jpg,brand,VIETFRESH,VIETFRESH,0.0,0.0,0,1
102_dau-phong_F_crop_0.jpg,brand,VIET THIEN,VIET THIEN,0.0,0.0,0,1
102_dau-phong_F_crop_1.jpg,name,ĐẬU PHỘNG,ĐẬU PHỘNG,0.0,0.0,0,1
103_pho-tai_F_crop_3.jpg,weight,50G,50G,0.0,0.0,0,1
104_hanh-phi_F_crop_0.jpg,name,HÀNH PHI,HÀNH PHI,0.0,0.0,0,1
107_nam-dong-co_F_crop_2.jpg,weight,50G,50G,0.0,0.0,0,1
108_hat-sen_F_crop_0.jpg,brand,ĐỨC DŨNG,ĐỨC DŨNG,0.0,0.0,0,1
108_hat-sen_F_crop_1.jpg,name,HẠT SEN,HẠT SEN,0.0,0.0,0,1
108_hat-sen_F_crop_2.jpg,weight,100g,100g,0.0,0.0,0,1
110_me-trang_F_crop_0.jpg,brand,ĐỨC DŨNG,ĐỨC DŨNG,0.0,0.0,0,1
110_me-trang_F_crop_1.jpg,name,MÈ TRẮNG,MÈ TRẮNG,0.0,0.0,0,1
111_dau-xanh-khong-vo_F_crop_1.jpg,brand,TUẤN LINH,TUẤN LINH,0.0,0.0,0,1
112_dau-den_F_crop_0.jpg,brand,VIETFRESH,VIETRESH,0.1111111111111111,1.0,1,0
112_dau-den_F_crop_1.jpg,name,Đậu Đen,Đậu Đen,0.0,0.0,0,1
114_toi-phi_F_crop_3.jpg,weight,50 g,50 g,0.0,0.0,0,1
117_dau-nanh-say-gion_F_crop_0.jpg,name,Đậu Nành Sấy Giòn,Đậu Nành Sấy Giòn,0.0,0.0,0,1
117_dau-nanh-say-gion_F_crop_2.jpg,brand,tili,tili,0.0,0.0,0,1
118_dau-nanh-say-gion_B_crop_0.jpg,name,Đậu Nành Sấy Giòn,Đậu Nành Sấy Giòn,0.0,0.0,0,1
118_dau-nanh-say-gion_B_crop_1.jpg,date,25/11/2024,25/11/2024,0.0,0.0,0,1
118_dau-nanh-say-gion_B_crop_2.jpg,date,25/11/2025,25/11/2025,0.0,0.0,0,1
118_dau-nanh-say-gion_B_crop_3.jpg,date,12 tháng kể từ NSX.,12 tháng kể từ NSX.,0.0,0.0,0,1
119_xoai-say-deo_F_crop_1.jpg,date,18/11/2024,18/11/2024,0.0,0.0,0,1
119_xoai-say-deo_F_crop_2.jpg,date,18/11/2025,18/11/2025,0.0,0.0,0,1
119_xoai-say-deo_F_crop_3.jpg,weight,200 g,200 g,0.0,0.0,0,1
119_xoai-say-deo_F_crop_4.jpg,brand,tili,tili,0.0,0.0,0,1
121_cha-bong-ga_B_crop_0.jpg,name,Chà Bông Gà,Chà Bông Gà,0.0,0.0,0,1
121_cha-bong-ga_B_crop_1.jpg,date,24 12 2024,24 12 2024,0.0,0.0,0,1
121_cha-bong-ga_B_crop_2.jpg,date,27 12 2024,27 12 2024,0.0,0.0,0,1
121_cha-bong-ga_B_crop_3.jpg,date,24 12 2025,24 12 2025,0.0,0.0,0,1
122_nescafe-ca-phe-den-da_F_crop_0.jpg,brand,NESCAFÉ,NESCAFÉ,0.0,0.0,0,1
122_nescafe-ca-phe-den-da_F_crop_1.jpg,name,CÀ PHÊ ĐEN ĐÁ,CÀ PHÊ ĐEN ĐÁ,0.0,0.0,0,1
123_nescafe-ca-phe-den-da_B_crop_0.jpg,weight,240 g,240 g,0.0,0.0,0,1
123_nescafe-ca-phe-den-da_B_crop_1.jpg,date,23.06.2025,23.06.2025,0.0,0.0,0,1
123_nescafe-ca-phe-den-da_B_crop_2.jpg,date,9 tháng trước hạn sử dụng,9 tháng trước han sứ dưnớ,0.16,0.5,4,0
124_hat-nem-aji-ngon_F_crop_0.jpg,brand,AJINOMOTO,AJINOMOTO,0.0,0.0,0,1
125_hat-nem-aji-ngon_F_crop_0.jpg,name,Hạt nêm,Mat nêm,0.2857142857142857,0.5,2,0
126_hat-nem-aji-ngon_F_crop_0.jpg,brand,AJINOMOTO,AJINOMOTO,0.0,0.0,0,1
126_hat-nem-aji-ngon_F_crop_1.jpg,name,Hạt nêm,Hạt nêm,0.0,0.0,0,1
126_hat-nem-aji-ngon_F_crop_2.jpg,weight,200 g,200 g,0.0,0.0,0,1
128_xot-gia-vi-thit-nuong-ngu-vi_B_crop_1.jpg,name,Xốt Gia Vị Hoàn Chỉnh THỊT NƯỚNG NGŨ VỊ,Xt ẩ ị HơhG NhGV T VỊÒ,0.6666666666666666,1.0,26,0
130_xot-gia-vi-nuong-bbq_B_crop_2.jpg,date,31.10.24,31.10.24,0.0,0.0,0,1
130_xot-gia-vi-nuong-bbq_B_crop_3.jpg,date,30.01.26,30.01.26,0.0,0.0,0,1
131_xot-gia-vi-canh-chua_F_crop_2.jpg,weight,80 g,80 g,0.0,0.0,0,1
133_gia-vi-ca-kho_F_crop_3.jpg,weight,300g,300g,0.0,0.0,0,1
134_gia-vi-canh-chua_F_crop_0.jpg,brand,Knorr,Knorr,0.0,0.0,0,1
134_gia-vi-canh-chua_F_crop_1.jpg,name,Gia vị Hoàn Chính CANH CHUA,GÀNH U VĐUN HẤU,0.7407407407407407,1.0,20,0
135_gia-vi-canh-chua_B_crop_0.jpg,date,140624,140624,0.0,0.0,0,1
135_gia-vi-canh-chua_B_crop_1.jpg,date,140625,140625,0.0,0.0,0,1
135_gia-vi-canh-chua_B_crop_2.jpg,weight,30 g,30 g,0.0,0.0,0,1
136_gia-vi-ca-kho_F_crop_1.jpg,name,Gia vị Hoàn Chỉnh CÁ KHO,CÀÁKHƠ HXI HNÔ,0.7916666666666666,1.0,19,0
137_gia-vi-ca-kho_B_crop_0.jpg,date,191124,191124,0.0,0.0,0,1
137_gia-vi-ca-kho_B_crop_1.jpg,date,190925,190925,0.0,0.0,0,1
139_gia-vi-thit-kho_B_crop_0.jpg,date,221124,221124,0.0,0.0,0,1
139_gia-vi-thit-kho_B_crop_1.jpg,date,221125,221125,0.0,0.0,0,1
139_gia-vi-thit-kho_B_crop_2.jpg,weight,28 g,28 g,0.0,0.0,0,1
140_cot-pho-bo_F_crop_0.jpg,brand,ÔngChàVà,ÔngChàVà,0.0,0.0,0,1
140_cot-pho-bo_F_crop_1.jpg,name,Cốt Phở Bò,Cốt Phở BHNG,0.3,0.3333333333333333,3,0
140_cot-pho-bo_F_crop_2.jpg,weight,90 g,90 g,0.0,0.0,0,1
141_cot-pho-bo_B_crop_1.jpg,brand,Ông Chà Và,Ông Chà Và,0.0,0.0,0,1
142_gia-vi-nem-lau-thai_F_crop_0.jpg,brand,AJINOMOTO,AJINOMOTO,0.0,0.0,0,1
143_gia-vi-bo-kho_F_crop_1.jpg,weight,18G,18 6,0.6666666666666666,2.0,2,0
147_bot-ngu-vi-huong_F_crop_1.jpg,date,20/11/2024,CHOE L,1.0,2.0,8,0
147_bot-ngu-vi-huong_F_crop_2.jpg,date,20/11/2026,CH,1.0,1.0,8,0
148_bot-ngu-vi-huong_F_crop_0.jpg,name,BỘT Ngũ vị hương,Nnt t i Hng,0.5625,1.0,9,0
148_bot-ngu-vi-huong_F_crop_1.jpg,weight,10g,10g,0.0,0.0,0,1
149_bot-ngu-vi-huong_F_crop_1.jpg,brand,Thành Lộc Foods,Thânh Lồc Syt  ỏi,0.5333333333333333,1.3333333333333333,8,0
150_bot-ngu-vi-huong_B_crop_0.jpg,date,101124,101124,0.0,0.0,0,1
150_bot-ngu-vi-huong_B_crop_1.jpg,weight,20 g,20 g,0.0,0.0,0,1
150_bot-ngu-vi-huong_B_crop_2.jpg,weight,15g,15g,0.0,0.0,0,1
151_bot-cary_F_crop_0.jpg,brand,Vianco,Vianco,0.0,0.0,0,1
151_bot-cary_F_crop_2.jpg,brand,CÀRY VIỆT ẤN,CÀRY VIỆT ẤN,0.0,0.0,0,1
152_bot-cary_B_crop_0.jpg,name,BỘT CÀRY,BỘT CÀRY,0.0,0.0,0,1
152_bot-cary_B_crop_1.jpg,date,15.10.2024,CH,1.0,1.0,10,0
152_bot-cary_B_crop_2.jpg,date,15.10.2026,CHO,1.0,1.0,10,0
152_bot-cary_B_crop_3.jpg,weight,10g,10g,0.0,0.0,0,1
153_bot-cary_F_crop_0.jpg,name,Cà ri Tương Dâu,Cà ri Tương Dâu,0.0,0.0,0,1
153_bot-cary_F_crop_1.jpg,weight,20 g,20 g,0.0,0.0,0,1
155_bot-cary_F_crop_0.jpg,name,CAU Bột Cari,CAU Bột Cari,0.0,0.0,0,1
156_tieu-den-xay_F_crop_0.jpg,brand,Dh Foods,Dh Foods,0.0,0.0,0,1
159_ot-bot_F_crop_1.jpg,name,Ớt Bột,Ớt Bột,0.0,0.0,0,1
161_tieu-den-xay_F_crop_0.jpg,brand,Vipep,Vipep,0.0,0.0,0,1
161_tieu-den-xay_F_crop_2.jpg,weight,50 g,50 g,0.0,0.0,0,1
163_ca-chua-co-dac_F_crop_0.jpg,name,Cà Chua Cô đặc,Cà Chi ưtng,0.5714285714285714,0.75,8,0
163_ca-chua-co-dac_F_crop_1.jpg,brand,Ông Chà Và,Ông hà Và,0.1,0.3333333333333333,1,0
163_ca-chua-co-dac_F_crop_2.jpg,weight,210g,210g,0.0,0.0,0,1
165_nuoc-cot-dua-tuoi_F_crop_2.jpg,weight,400 ml,400 ml,0.0,0.0,0,1
167_muoi-tom_F_crop_1.jpg,weight,90 g,90 g,0.0,0.0,0,1
169_muoi-tom_F_crop_1.jpg,date,07-11-2024,07-11-2024,0.0,0.0,0,1
169_muoi-tom_F_crop_2.jpg,weight,100g,100g,0.0,0.0,0,1
170_muoi-cham-hao-hao_F_crop_0.jpg,brand,ACECOOK,ACECOOK,0.0,0.0,0,1
170_muoi-cham-hao-hao_F_crop_2.jpg,weight,120 g,120 g,0.0,0.0,0,1
172_xot-salad-me-rang_F_crop_0.jpg,brand,GOLDEN FARM,GOLDEN FARM,0.0,0.0,0,1
172_xot-salad-me-rang_F_crop_1.jpg,name,Xốt Salad Mè Rang,Xốt Salad Mè Rang,0.0,0.0,0,1
172_xot-salad-me-rang_F_crop_2.jpg,weight,250 ml,250 ml,0.0,0.0,0,1
175_xot-salad-me-rang_B_crop_1.jpg,date,20.11.2024,20.11.2024,0.0,0.0,0,1
175_xot-salad-me-rang_B_crop_2.jpg,date,20.11.2025,20.11.2025,0.0,0.0,0,1
176_nuoc-cham-me-rang_F_crop_0.jpg,brand,KEWPIE,KEWPIE,0.0,0.0,0,1
176_nuoc-cham-me-rang_F_crop_1.jpg,name,NƯỚC CHẤM MÈ RANG,NƯỚC CHẤM MÈ ANG,0.058823529411764705,0.25,1,0
179_sot-cham-thit-nuong_F_crop_0.jpg,brand,ofood,ofood,0.0,0.0,0,1
179_sot-cham-thit-nuong_F_crop_2.jpg,weight,250 g,250 g,0.0,0.0,0,1
180_sot-cham-thit-nuong_B_crop_0.jpg,brand,ofood,ofood,0.0,0.0,0,1
181_muc-kho-xe-soi-vi-bo_F_crop_0.jpg,brand,KOCORI NATURALS,KOCORI NAALS,0.2,0.5,3,0
181_muc-kho-xe-soi-vi-bo_F_crop_2.jpg,weight,50 g,50 g,0.0,0.0,0,1
183_kho-bo_F_crop_1.jpg,name,KHÔ BÒ,KHÔ BÒ,0.0,0.0,0,1
184_kho-bo_B_crop_0.jpg,brand,HẢI CHÂU,HẢI CHÂU,0.0,0.0,0,1
184_kho-bo_B_crop_1.jpg,date,23/08/25,23/08/25,0.0,0.0,0,1
184_kho-bo_B_crop_2.jpg,weight,100 g,100 g,0.0,0.0,0,1
185_muc-rim-me_F_crop_1.jpg,name,Mực Rim Me,Mực Rim Me,0.0,0.0,0,1
185_muc-rim-me_F_crop_2.jpg,weight,100 g,100 g,0.0,0.0,0,1
187_ca-du-chay-toi_F_crop_1.jpg,name,CÁ ĐÙ Cháy tỏi,CÁ ĐÙ Cháy tỏi,0.0,0.0,0,1
188_tep-say-gion_F_crop_0.jpg,brand,hainamfoods,hainamfoods,0.0,0.0,0,1
188_tep-say-gion_F_crop_1.jpg,name,tép sấy giòn,tép sấy giòn,0.0,0.0,0,1
188_tep-say-gion_F_crop_2.jpg,weight,90g,90g,0.0,0.0,0,1
189_tep-say-gion_B_crop_0.jpg,date,06/11/2024,06/11/2024,0.0,0.0,0,1
189_tep-say-gion_B_crop_1.jpg,date,06/11/2025,06/11/2025,0.0,0.0,0,1
190_khoai-mon-say_F_crop_1.jpg,name,KHOAI MÔN SẤY,KHOAI MÔN SẤY,0.0,0.0,0,1
190_khoai-mon-say_F_crop_2.jpg,date,20/11/2024,2HO,0.875,1.0,7,0
190_khoai-mon-say_F_crop_3.jpg,date,20/11/2025,,1.0,1.0,8,0
191_khoai-mon-say_F_crop_2.jpg,date,20/11/2024,2HO,0.875,1.0,7,0
191_khoai-mon-say_F_crop_3.jpg,date,20/11/2025,2,0.875,1.0,7,0
191_khoai-mon-say_F_crop_4.jpg,weight,100 g,100 g,0.0,0.0,0,1
193_khoai-lang-say_F_crop_0.jpg,brand,NHABEXIMS,NHABEXIMS,0.0,0.0,0,1
194_chuoi-say_F_crop_4.jpg,weight,100 g,100 g,0.0,0.0,0,1
195_socola-sua-cadbury-dairy-milk_F_crop_0.jpg,name,SÔCÔLA SỮA CADBURY DAIRY MILK,SÔCÔLA SỮA CADBURY DAIRY MILK,0.0,0.0,0,1
195_socola-sua-cadbury-dairy-milk_F_crop_2.jpg,date,450 ngày trước HSD,450 ngày trước HSD,0.0,0.0,0,1
196_banh-trang-ot_F_crop_1.jpg,brand,VIET SAN,VIET SAN,0.0,0.0,0,1
196_banh-trang-ot_F_crop_2.jpg,name,BÁNH TRÁNG ỚT,BÁNH TRÁNG ỚT,0.0,0.0,0,1
196_banh-trang-ot_F_crop_3.jpg,weight,280 g,280 g,0.0,0.0,0,1
197_banh-trang-ot_F_crop_3.jpg,brand,VIET SAN,VIET SAN,0.0,0.0,0,1
200_banh-trang_F_crop_0.jpg,name,BÁNH TRÁNG,BÁNH TRÁNG,0.0,0.0,0,1
200_banh-trang_F_crop_1.jpg,brand,VIET SAN,VIET SAN,0.0,0.0,0,1
201_banh-trang_F_crop_0.jpg,date,27/11/24,27/11/24,0.0,0.0,0,1
201_banh-trang_F_crop_1.jpg,date,02/12/24,02/12/24,0.0,0.0,0,1
201_banh-trang_F_crop_2.jpg,date,27/11/25,27/11/25,0.0,0.0,0,1
201_banh-trang_F_crop_3.jpg,name,BÁNH TRÁNG,BÁNH TRÁNG,0.0,0.0,0,1
201_banh-trang_F_crop_5.jpg,weight,160 g,160 g,0.0,0.0,0,1
202_banh-trang-thanh-long_F_crop_1.jpg,name,BÁNH TRÁNG Thanh Long,BÁNH TRÁNG Thanh ong,0.047619047619047616,0.25,1,0
204_mi-cai-bo-xoi_F_crop_0.jpg,brand,Le Brothers,Lươnd ng,0.9090909090909091,1.0,10,0
204_mi-cai-bo-xoi_F_crop_2.jpg,weight,200 g,200 g,0.0,0.0,0,1
208_mi-rau-cai-bo-xoi_F_crop_0.jpg,brand,ANPASO,ANPASO,0.0,0.0,0,1
209_mi-rau-cai-bo-xoi_B_crop_1.jpg,date,05/12/2024,05/12/2024,0.0,0.0,0,1
209_mi-rau-cai-bo-xoi_B_crop_2.jpg,date,05/10/2025,05/10/2025,0.0,0.0,0,1
210_thit-oc-mong-tay_F_crop_0.jpg,name,THỊT ỐC MÓNG TAY,THỊT ỐC MÓNG TAY,0.0,0.0,0,1
210_thit-oc-mong-tay_F_crop_1.jpg,weight,200G,200G,0.0,0.0,0,1
210_thit-oc-mong-tay_F_crop_2.jpg,weight,200G,200G,0.0,0.0,0,1
210_thit-oc-mong-tay_F_crop_3.jpg,date,07-01-2025,07-01-2025,0.0,0.0,0,1
210_thit-oc-mong-tay_F_crop_4.jpg,date,08-01-2025,08-01-2025,0.0,0.0,0,1
211_coi-so-diep_F_crop_0.jpg,name,CÒI SÒ ĐIỆP 100G,CÒI SÒ ĐIỆP 100G,0.0,0.0,0,1
211_coi-so-diep_F_crop_2.jpg,weight,100g,100g,0.0,0.0,0,1
214_cot-let_F_crop_1.jpg,brand,MEAT MASTER,MEAT MASTER,0.0,0.0,0,1
214_cot-let_F_crop_2.jpg,brand,MEAT MASTER,MEAT MASTER,0.0,0.0,0,1
215_banh-xop-kem-vi-dau_F_crop_0.jpg,brand,KINH DO COSY,COSY,0.6666666666666666,0.6666666666666666,8,0
215_banh-xop-kem-vi-dau_F_crop_1.jpg,name,BÁNH XỐP 2 TRONG 1 KEM VỊ DÂU THE LẠNH,OHNU LON CT,0.8421052631578947,1.0,32,0
215_banh-xop-kem-vi-dau_F_crop_2.jpg,weight,"59,5g","59,5g",0.0,0.0,0,1
215_banh-xop-kem-vi-dau_F_crop_3.jpg,date,040624,040624,0.0,0.0,0,1
215_banh-xop-kem-vi-dau_F_crop_4.jpg,date,040625,040625,0.0,0.0,0,1
216_banh-xop-kem-vi-dua_F_crop_4.jpg,weight,"59,5g","59,5g",0.0,0.0,0,1
217_banh-phong-tom_F_crop_0.jpg,brand,Vina Bich chi,Vina Bich chi,0.0,0.0,0,1
219_bo-thuc-vat_F_crop_0.jpg,name,BỘ THỰC VẬT,BỘ THỰC VẬT,0.0,0.0,0,1
219_bo-thuc-vat_F_crop_1.jpg,date,19 07 25,19 07 25,0.0,0.0,0,1
219_bo-thuc-vat_F_crop_2.jpg,weight,200 g,200 g,0.0,0.0,0,1
220_bo-dau-phong_F_crop_1.jpg,name,BƠ ĐẬU PHỘNG,BƠ ĐẬU PHỘNG,0.0,0.0,0,1
220_bo-dau-phong_F_crop_2.jpg,weight,170g,170g,0.0,0.0,0,1
221_bo-dau-phong_F_crop_1.jpg,weight,170 g,170 g,0.0,0.0,0,1
223_duong-kinh-trang_F_crop_1.jpg,name,đường kính trắng STANDARD WHITE SUGAR,ưn kản HẤ n,0.7837837837837838,1.0,29,0
227_danisa_F_crop_0.jpg,name,Danisa,Danisa,0.0,0.0,0,1
227_danisa_F_crop_1.jpg,weight,454g,454g,0.0,0.0,0,1
229_hat-huong-duong_F_crop_0.jpg,brand,YẾN NHUNG,YẾN NHUNG,0.0,0.0,0,1
231_ot-hiem_F_crop_0.jpg,name,ỚT HIỂM,ỚT HIỂM,0.0,0.0,0,1
231_ot-hiem_F_crop_3.jpg,weight,50g,50g,0.0,0.0,0,1
232_bun-tuoi_F_crop_1.jpg,name,Bún Tươi,Bún Tươi,0.0,0.0,0,1
232_bun-tuoi_F_crop_3.jpg,date,18.11.24,18.11.24,0.0,0.0,0,1
232_bun-tuoi_F_crop_4.jpg,date,20.11.24,20.11.24,0.0,0.0,0,1
233_suon-non-heo_F_crop_1.jpg,date,18.11.2024,18.11.2024,0.0,0.0,0,1
233_suon-non-heo_F_crop_2.jpg,date,19.11.2024,19.11.2024,0.0,0.0,0,1
233_suon-non-heo_F_crop_4.jpg,weight,"0,214 kg","0,214 kg",0.0,0.0,0,1
234_mam-ruoc-hue_F_crop_1.jpg,name,MẮM RUỐC HUẾ,MẮM RUỐC HUẾ,0.0,0.0,0,1
236_ot-trai-ngam-chua-ngot_B_crop_0.jpg,date,09 tháng kể từ NSX,09 tháng kể từ NSX,0.0,0.0,0,1
236_ot-trai-ngam-chua-ngot_B_crop_1.jpg,date,26.08.24,26.08.24,0.0,0.0,0,1
237_ot-trai-ngam-chua-ngot_B_crop_0.jpg,brand,Sông Hương Foods,Sông Hương Foods,0.0,0.0,0,1
237_ot-trai-ngam-chua-ngot_B_crop_1.jpg,brand,Sông Hương foods,Sông Hương foods,0.0,0.0,0,1
237_ot-trai-ngam-chua-ngot_B_crop_2.jpg,name,ớt trái ngâm chua ngọt,t rá ngàn àật Sòn,0.5909090909090909,1.0,13,0
238_cu-cai-muoi-xa-bau_F_crop_0.jpg,brand,MINHHA FOODS,MINHHA FOODS,0.0,0.0,0,1
238_cu-cai-muoi-xa-bau_F_crop_1.jpg,name,CỦ CẢI MUỐI XÁ BẤU,CỦ CẢI MUỐI XÁ BẤU,0.0,0.0,0,1
238_cu-cai-muoi-xa-bau_F_crop_2.jpg,weight,200 g,200 g,0.0,0.0,0,1
240_xot-gia-vi-kho-mia_F_crop_1.jpg,weight,60 g,60 g,0.0,0.0,0,1
241_organic-oat-creamy_F_crop_0.jpg,brand,PURE HARVEST,PURE HARVEST,0.0,0.0,0,1
241_organic-oat-creamy_F_crop_2.jpg,weight,1L,1L,0.0,0.0,0,1
242_organic-oat-creamy_T_crop_0.jpg,brand,PURE HARVEST,PURE HARVEST,0.0,0.0,0,1
242_organic-oat-creamy_T_crop_1.jpg,date,09-05-2025,09-05-2025,0.0,0.0,0,1
242_organic-oat-creamy_T_crop_2.jpg,date,09-05-2024,09-05-2024,0.0,0.0,0,1
242_organic-oat-creamy_T_crop_3.jpg,name,Organic Oat Creamy,Organic Oat swed,0.2777777777777778,0.3333333333333333,5,0
243_organic-oat-original_F_crop_0.jpg,brand,PURE HARVEST,PURE HARVEST,0.0,0.0,0,1
244_organic-oat-original_T_crop_1.jpg,date,23-05-2025,23-05-2025,0.0,0.0,0,1
244_organic-oat-original_T_crop_2.jpg,date,23-05-2024,23-05-2024,0.0,0.0,0,1
245_organic-oat-unsweetened_F_crop_0.jpg,brand,PŪRE HARVEST,PŪRE HARVEST,0.0,0.0,0,1
245_organic-oat-unsweetened_F_crop_1.jpg,name,Organic Oat Unsweetened,Organic Oatned,0.391304347826087,0.6666666666666666,9,0
246_organic-oat-unsweetened_T_crop_3.jpg,name,Organic Almond Unsweetened,Organic Aimond naenned,0.2692307692307692,0.6666666666666666,7,0
247_organic-oat-unsweetened_F_crop_0.jpg,brand,PURE HARVEST,PURE HARVEST,0.0,0.0,0,1
248_coconut-cookies_F_crop_1.jpg,name,COCONUT COOKIES,COCONUT COIES,0.13333333333333333,0.5,2,0
248_coconut-cookies_F_crop_2.jpg,weight,160g,160g,0.0,0.0,0,1
249_chocolate-cookies_F_crop_0.jpg,brand,Richwell,Richwell,0.0,0.0,0,1
250_chocolate-cookies_B_crop_0.jpg,brand,Richwell,Richwell,0.0,0.0,0,1
250_chocolate-cookies_B_crop_3.jpg,name,CHOCOLATE COOKIES,CHOCOLATE COIES,0.11764705882352941,0.5,2,0
250_chocolate-cookies_B_crop_4.jpg,weight,160g,160g,0.0,0.0,0,1
251_nam-bung-de_F_crop_0.jpg,brand,nấm PHÚ GIA,nấm PHÚ GIA,0.0,0.0,0,1
251_nam-bung-de_F_crop_1.jpg,name,NẤM BỤNG DÊ,NẤM BỤNG DÊ,0.0,0.0,0,1
252_nam-bung-de_B_crop_0.jpg,name,NẤM BỤNG DÊ,NẤM BỤNG DÊ,0.0,0.0,0,1
252_nam-bung-de_B_crop_1.jpg,date,20/11/2024,20/11/2024,0.0,0.0,0,1
252_nam-bung-de_B_crop_2.jpg,date,20/11/2025,20/11/2025,0.0,0.0,0,1
252_nam-bung-de_B_crop_3.jpg,weight,30 g,30 g,0.0,0.0,0,1
253_nam-huong_B_crop_0.jpg,name,NẤM HƯƠNG,NẤM HƯƠNG,0.0,0.0,0,1
253_nam-huong_B_crop_1.jpg,date,10/12/2024,10/12/2024,0.0,0.0,0,1
253_nam-huong_B_crop_2.jpg,date,10/12/2025,10/12/2025,0.0,0.0,0,1
253_nam-huong_B_crop_3.jpg,weight,100g,100g,0.0,0.0,0,1
254_nam-huong_F_crop_0.jpg,brand,nấm PHÚ GIA,nấm PHÚ GIA,0.0,0.0,0,1
254_nam-huong_F_crop_1.jpg,name,HƯƠNG NẤM,HU NƯẤN HUGNG,1.1111111111111112,1.5,10,0
256_nam-thai-duong_B_crop_0.jpg,name,Nấm Thái Dương,Nấm Thái Dương,0.0,0.0,0,1
256_nam-thai-duong_B_crop_1.jpg,date,20/11/2024,CHOII C,1.0,2.0,8,0
256_nam-thai-duong_B_crop_2.jpg,date,20/11/2025,CHO2C,0.875,1.0,7,0
256_nam-thai-duong_B_crop_3.jpg,weight,70 g,70 g,0.0,0.0,0,1
257_moc-nhi-bao-tu_F_crop_0.jpg,brand,nấm PHÚ GIA,nấm PHÚ GIA,0.0,0.0,0,1
258_moc-nhi-bao-tu_B_crop_1.jpg,date,10/12/2024,10/12/2024,0.0,0.0,0,1
258_moc-nhi-bao-tu_B_crop_2.jpg,date,10/12/2025,10/12/2025,0.0,0.0,0,1
258_moc-nhi-bao-tu_B_crop_3.jpg,weight,70 g,70 g,0.0,0.0,0,1
259_nam-dong-co-kho_F_crop_0.jpg,brand,Tram Anh FOOD,Tram Anh FOOD,0.0,0.0,0,1
259_nam-dong-co-kho_F_crop_1.jpg,name,Nấm ĐÔNG CÔ KHÔ,Nánu Uơ Ha Tơa,0.8,1.0,12,0
262_ghe-sua-tam-me-say-gion_F_crop_0.jpg,brand,CHOICE L,CHOICE L,0.0,0.0,0,1
262_ghe-sua-tam-me-say-gion_F_crop_2.jpg,weight,120 g,120 g,0.0,0.0,0,1
265_bun-rieu-chay_F_crop_0.jpg,brand,Ông Chà Và,Ông Chà Và,0.0,0.0,0,1
265_bun-rieu-chay_F_crop_1.jpg,name,Bún Riêu Chay,Bún Riêu Chay,0.0,0.0,0,1
266_ruoc-tam-gia-vi-say-gion_F_crop_0.jpg,brand,CHOICE L,CHOICE L,0.0,0.0,0,1
266_ruoc-tam-gia-vi-say-gion_F_crop_2.jpg,weight,200 g,200 g,0.0,0.0,0,1
267_ruoc-tam-gia-vi-say-gion_B_crop_3.jpg,brand,CHOICE L,CHOICE L,0.0,0.0,0,1
268_kho-muc-xe-tam-gia-vi_F_crop_1.jpg,name,Khô Mực Xé Tẩm Gia Vị,Khô Mực Xé Tẩm  Vị,0.19047619047619047,0.16666666666666666,4,0
269_kho-muc-xe-tam-gia-vi_B_crop_3.jpg,weight,100g,100g,0.0,0.0,0,1
270_hu-tieu-chay_F_crop_0.jpg,brand,Ông Chà Và,Ông Cà Và,0.1,0.3333333333333333,1,0
270_hu-tieu-chay_F_crop_1.jpg,name,HỦ TIẾU Chay,HỦ TIẾU Chay,0.0,0.0,0,1
270_hu-tieu-chay_F_crop_2.jpg,weight,126 g,126 g,0.0,0.0,0,1
272_kho-ca-bong-cat-soi_F_crop_0.jpg,brand,CHOICE L,CHOICE L,0.0,0.0,0,1
272_kho-ca-bong-cat-soi_F_crop_2.jpg,weight,150 g,150 g,0.0,0.0,0,1
273_kho-ca-bong-cat-soi_B_crop_0.jpg,brand,CHOICE L,CHOICE L,0.0,0.0,0,1
273_kho-ca-bong-cat-soi_B_crop_1.jpg,date,04/12/2024,04/12/2024,0.0,0.0,0,1
273_kho-ca-bong-cat-soi_B_crop_2.jpg,date,04/12/2025,04/12/2025,0.0,0.0,0,1
274_muc-rim-me_T_crop_0.jpg,name,Mực Rim Me,Mực Rim Me,0.0,0.0,0,1
274_muc-rim-me_T_crop_1.jpg,date,20/08/2024,20/08/2024,0.0,0.0,0,1
274_muc-rim-me_T_crop_2.jpg,date,20/08/2025,20/08/2025,0.0,0.0,0,1
275_muc-rim-me_F_crop_0.jpg,brand,CHOICE L,CHOICE L,0.0,0.0,0,1
275_muc-rim-me_F_crop_2.jpg,weight,90 g,90 g,0.0,0.0,0,1
276_kho-bo-xe-cay_F_crop_2.jpg,weight,145 g,145 g,0.0,0.0,0,1
276_kho-bo-xe-cay_F_crop_3.jpg,date,16/09/25,16/09/25,0.0,0.0,0,1
277_kho-bo-xe-cay_F_crop_2.jpg,date,16/09/25,16/09/25,0.0,0.0,0,1
278_xot-spaghetti_F_crop_1.jpg,brand,OTTOGI,OTTOGI,0.0,0.0,0,1
278_xot-spaghetti_F_crop_2.jpg,weight,110g,110g,0.0,0.0,0,1
279_xot-spaghetti_B_crop_0.jpg,date,19.12.2024,19.12.2024,0.0,0.0,0,1
279_xot-spaghetti_B_crop_1.jpg,date,19.12.2025,19.12.2025,0.0,0.0,0,1
280_banh-hoi_F_crop_0.jpg,brand,Sa Giang,Sa Giang,0.0,0.0,0,1
280_banh-hoi_F_crop_1.jpg,name,Bánh Hỏi,Bánh Hỏi,0.0,0.0,0,1
280_banh-hoi_F_crop_2.jpg,brand,Sa Giang,Sa Giang,0.0,0.0,0,1
282_rong-nho-tach-nuoc_F_crop_1.jpg,name,RONG NHO TÁCH NƯỚC,RONG NHO TÁCH NƯỚC,0.0,0.0,0,1
284_rong-bien-gion-tron-gia-vi_F_crop_0.jpg,brand,ofood,ofood,0.0,0.0,0,1
285_rong-bien-gion-tron-gia-vi_F_crop_0.jpg,brand,ofood,ofood,0.0,0.0,0,1
285_rong-bien-gion-tron-gia-vi_F_crop_1.jpg,name,Rong biển giòn trộn gia vị ,Hng Nạn ớà SI CAT,0.6923076923076923,1.0,18,0
285_rong-bien-gion-tron-gia-vi_F_crop_2.jpg,weight,40 g,40 g,0.0,0.0,0,1
286_banh-phong_F_crop_0.jpg,brand,Sa Giang,Sa Giagng,0.125,0.5,1,0
286_banh-phong_F_crop_2.jpg,brand,Sa Giang,Sa Giang,0.0,0.0,0,1
288_banh-phong-tom_F_crop_0.jpg,brand,CHOICE L,CHOICE L,0.0,0.0,0,1
290_rong-bien_F_crop_3.jpg,weight,40 g,40 g,0.0,0.0,0,1
291_banh-phong-gao-lut_F_crop_2.jpg,name,BÁNH PHỒNG GẠO LỨT,BÁNH PHỒNG GẠO LỨT,0.0,0.0,0,1
293_banh-trang-gao_F_crop_2.jpg,date,31\10\2024,31\10\2024,0.0,0.0,0,1
293_banh-trang-gao_F_crop_3.jpg,date,02\11\2024,02\11\2024,0.0,0.0,0,1
293_banh-trang-gao_F_crop_4.jpg,date,31\10\2025,31\10\2025,0.0,0.0,0,1
293_banh-trang-gao_F_crop_5.jpg,weight,100 g,100 g,0.0,0.0,0,1
293_banh-trang-gao_F_crop_6.jpg,date,12 tháng kể từ ngày sản xuất.,12 tháng kể từ ngày sán xuật,0.10344827586206896,0.2857142857142857,3,0
294_banh-trang-gao_B_crop_0.jpg,brand,Mikiri,Mikiri,0.0,0.0,0,1
294_banh-trang-gao_B_crop_2.jpg,weight,100 g,100 g,0.0,0.0,0,1
297_banh-trang_F_crop_0.jpg,name,BÁNH TRÁNG,BÁNH TRÁNG,0.0,0.0,0,1
297_banh-trang_F_crop_1.jpg,weight,400 g,400 g,0.0,0.0,0,1
298_banh-trang-khong-nhung-nuoc_F_crop_0.jpg,brand,CHOICE L,CHOICE L,0.0,0.0,0,1
298_banh-trang-khong-nhung-nuoc_F_crop_1.jpg,name,Bánh Tráng Không Nhúng Nước,Bánh Tháng Không Nhúng Tú,0.18518518518518517,0.4,5,0
298_banh-trang-khong-nhung-nuoc_F_crop_2.jpg,weight,200 g,200 g,0.0,0.0,0,1
299_banh-trang-khong-nhung-nuoc_B_crop_1.jpg,date,21/12/2024,21/12/2024,0.0,0.0,0,1
299_banh-trang-khong-nhung-nuoc_B_crop_2.jpg,date,26/12/2024,26/12/2024,0.0,0.0,0,1
299_banh-trang-khong-nhung-nuoc_B_crop_3.jpg,date,21/12/2025,21/12/2025,0.0,0.0,0,1
300_banh-trang-nuong_F_crop_0.jpg,brand,Mikiri,Mikiri,0.0,0.0,0,1
300_banh-trang-nuong_F_crop_1.jpg,name,BÁNH TRÁNG NƯỚNG,BÁNH TRÁNG NƯỚNG,0.0,0.0,0,1
301_banh-trang_F_crop_2.jpg,weight,300 gam,300 gam,0.0,0.0,0,1
303_banh-phong-gao-lut_F_crop_3.jpg,weight,100 g,100 g,0.0,0.0,0,1
304_gia-vi-rac-com_F_crop_0.jpg,brand,Enzy,Enzy,0.0,0.0,0,1
304_gia-vi-rac-com_F_crop_2.jpg,weight,30 g,30 g,0.0,0.0,0,1
305_gia-vi-rac-com_B_crop_2.jpg,weight,30 g,30 g,0.0,0.0,0,1
306_kho-bo-uc_F_crop_0.jpg,date,29/03/2024,29/03/2024,0.0,0.0,0,1
306_kho-bo-uc_F_crop_1.jpg,date,29/08/2025,29/08/2025,0.0,0.0,0,1
306_kho-bo-uc_F_crop_4.jpg,weight,30 g,30 g,0.0,0.0,0,1
307_thi-bo-kho_F_crop_0.jpg,brand,TUYEN KY FOOD 1948,TUYEN KY FOOD 1948,0.0,0.0,0,1
307_thi-bo-kho_F_crop_1.jpg,name,Thịt Bò Khô,Thịt Bò Khô,0.0,0.0,0,1
307_thi-bo-kho_F_crop_2.jpg,brand,TUYỀN KÝ,TUYỀN KÝ,0.0,0.0,0,1
307_thi-bo-kho_F_crop_5.jpg,weight,150g,150 g,0.25,2.0,1,0
309_muc-nuong-can-duoi-tam-ot_B_crop_0.jpg,name,MỰC NƯỚNG CÁN DƯỠI TẨM ỚT,MƯỚ NƯỚỐNG ỚT TN UỀU,0.64,1.0,16,0
313_thit-bo-kho_F_crop_2.jpg,brand,TUYEN KY FOOD 1948,TUYEN KY FOOD 1948,0.0,0.0,0,1
313_thit-bo-kho_F_crop_4.jpg,weight,60 g,60 g,0.0,0.0,0,1
314_nui-no_F_crop_1.jpg,name,Nui Nơ,Nui Nơ,0.0,0.0,0,1
315_nui-no_F_crop_0.jpg,name,Nui Nơ,Nui Nơ,0.0,0.0,0,1
316_lap-xuong_F_crop_0.jpg,brand,wyn,wyn,0.0,0.0,0,1
316_lap-xuong_F_crop_2.jpg,weight,500 g,500 g,0.0,0.0,0,1
318_dates-dried-fruit_F_crop_0.jpg,brand,BAKALLAND,BAKALLAND,0.0,0.0,0,1
319_dates-dried-fruit_T_crop_2.jpg,brand,BAKALLAND,BAKALLAND,0.0,0.0,0,1
320_banh-quy-lua-mi_D_crop_1.jpg,brand,McVitie's Digestive Minis,McVie's Digestwe Minis,0.16666666666666666,0.6666666666666666,4,0
322_snack-que-nhan-sua_F_crop_0.jpg,brand,Oishi,Oishi,0.0,0.0,0,1
326_socola-nhan-kem-ca-phe_B_crop_0.jpg,weight,64 g,64 g,0.0,0.0,0,1
326_socola-nhan-kem-ca-phe_B_crop_1.jpg,date,17/12/24,17/12/24,0.0,0.0,0,1
326_socola-nhan-kem-ca-phe_B_crop_2.jpg,date,17/06/26,17/06/26,0.0,0.0,0,1
328_socola-sua-nhan-hat-sen_B_crop_0.jpg,weight,72 g,72 g,0.0,0.0,0,1
329_socola-sua_F_crop_2.jpg,weight,100 G,100 G,0.0,0.0,0,1
330_socola-sua_B_crop_0.jpg,brand,MR.VIET,MR.VIET,0.0,0.0,0,1
330_socola-sua_B_crop_1.jpg,date,04/11/2024,04/11/2024,0.0,0.0,0,1
330_socola-sua_B_crop_2.jpg,date,03/11/2025,03/11/2025,0.0,0.0,0,1
331_socola-den_F_crop_0.jpg,brand,Beryl's,Beryl's,0.0,0.0,0,1
331_socola-den_F_crop_1.jpg,name,Dark Chocolate Coklat Hitam,Dak Chocolae rưtla,0.4444444444444444,1.0,12,0
331_socola-den_F_crop_2.jpg,weight,90g,90g,0.0,0.0,0,1
332_socola-trang-voi-banh-quy_F_crop_0.jpg,name,SÔCÔLA TRẮNG VỚI BÁNH QUY,SCL TRÁNG YDHA ỐN,0.6,1.0,15,0
332_socola-trang-voi-banh-quy_F_crop_1.jpg,brand,Kisses,Kisses,0.0,0.0,0,1
333_socola-trang-voi-banh-quy_F_crop_1.jpg,date,31/07/2024,2H,0.875,1.0,7,0
333_socola-trang-voi-banh-quy_F_crop_2.jpg,date,24/10/2025,2,0.875,1.0,7,0
334_banh-xop-phu-socola-sua_F_crop_0.jpg,brand,Nestle,Nestle,0.0,0.0,0,1
334_banh-xop-phu-socola-sua_F_crop_2.jpg,weight,114 g,114 g,0.0,0.0,0,1
334_banh-xop-phu-socola-sua_F_crop_3.jpg,brand,KitKat,KitKat,0.0,0.0,0,1
336_socola-dieu_F_crop_0.jpg,brand,HENK CHOCOLATE,HENK CHOCOATE,0.07142857142857142,0.5,1,0
336_socola-dieu_F_crop_1.jpg,name,SÔ CÔ LA Phủ Hạt ĐIỀU,SÔ CÔ LA Phủ ĐIỀU,0.19047619047619047,0.16666666666666666,4,0
336_socola-dieu_F_crop_2.jpg,weight,150G,Bột SươnĐen,2.75,2.0,11,0
338_socola-hanh-nhan_F_crop_0.jpg,brand,Beryl's,Beryl's,0.0,0.0,0,1
338_socola-hanh-nhan_F_crop_1.jpg,name,Almond White Chocolate,Almond White Chocolate,0.0,0.0,0,1
338_socola-hanh-nhan_F_crop_2.jpg,brand,TIRAMISU,TIRAMISU,0.0,0.0,0,1
339_socola-hanh-nhan_B_crop_0.jpg,brand,TIRAMISU,TIRAMISU,0.0,0.0,0,1
339_socola-hanh-nhan_B_crop_1.jpg,name,Sô cô la Beryl's Classic Tiramisu trắng hạnh nhân,Sô côta BerySsCasc Tram2u tráng hánh nhán,0.2708333333333333,0.8888888888888888,13,0
340_splendeur-assortment_F_crop_0.jpg,brand,RINDA,RINDA,0.0,0.0,0,1
341_coconut-wafers_F_crop_2.jpg,weight,100 G,100 G,0.0,0.0,0,1
343_nabati_F_crop_0.jpg,name,Bánh Sôcôla (Dạng Xốp),Bánh Sôcôla (Dạng Xốp),0.0,0.0,0,1
343_nabati_F_crop_1.jpg,brand,nabati,nabati,0.0,0.0,0,1
343_nabati_F_crop_2.jpg,weight,300 g,300 g,0.0,0.0,0,1
345_dream-cake_F_crop_1.jpg,weight,204 g,204 g,0.0,0.0,0,1
346_dream-cake_T_crop_2.jpg,brand,LOTTE,LOTTE,0.0,0.0,0,1
347_chocolate-sua_F_crop_0.jpg,brand,ARCHCAFÉ,ARCHCAFÉ,0.0,0.0,0,1
347_chocolate-sua_F_crop_1.jpg,name,Chocolate Sữa,Chocolate Sữa,0.0,0.0,0,1
347_chocolate-sua_F_crop_2.jpg,name,Bột Chocolate Sữa,Bột Chocolate Sữa,0.0,0.0,0,1
349_bot-hoa-tan-atiso_F_crop_1.jpg,name,BỘT HOÀ TAN ATISÔ,BỘT HOÀ TAN ATISÔ,0.0,0.0,0,1
351_duong-tinh-luyen_F_crop_0.jpg,brand,BienHoa PURE,BienHoa PUE,0.08333333333333333,0.5,1,0
351_duong-tinh-luyen_F_crop_2.jpg,weight,1kg,1kg,0.0,0.0,0,1
352_sen-tuoi-say_F_crop_0.jpg,brand,Hata,Hata,0.0,0.0,0,1
354_hat-huong-duong-vi-dua_F_crop_0.jpg,brand,ChaCheer,ChaCheer,0.0,0.0,0,1
354_hat-huong-duong-vi-dua_F_crop_2.jpg,weight,40 g,40 g,0.0,0.0,0,1
355_hat-huong-duong-vi-dua_B_crop_0.jpg,brand,chatchee,chatchee,0.0,0.0,0,1
355_hat-huong-duong-vi-dua_B_crop_1.jpg,brand,ChaCheer,ChaCheer,0.0,0.0,0,1
356_hat-huong-duong-vi-ngu-vi-huong_F_crop_0.jpg,brand,ChatCheer,ChatCheer,0.0,0.0,0,1
356_hat-huong-duong-vi-ngu-vi-huong_F_crop_2.jpg,weight,130 g,130 g,0.0,0.0,0,1
357_hat-huong-duong-vi-ngu-vi-huong_B_crop_0.jpg,brand,ChaCheer,ChaCheer,0.0,0.0,0,1
358_hat-huong-duong_F_crop_0.jpg,brand,chatCheer,chatCheer,0.0,0.0,0,1
358_hat-huong-duong_F_crop_1.jpg,name,HẠT HƯỚNG DƯƠNG ORIGINAL FLAVOR,T5 Tihực,0.9032258064516129,1.0,28,0
360_hat-chia_F_crop_0.jpg,brand,EPCO FOODS,EPCO FOODS,0.0,0.0,0,1
362_ca-phe-phin-giay_F_crop_1.jpg,name,CÀ PHÊ PHIN GIẤY,CÀ PHÊ PHIN IẤY,0.0625,0.25,1,0
362_ca-phe-phin-giay_F_crop_2.jpg,name,CÀ PHÊ RANG XAY,CÀ PHÊ RANG XAY,0.0,0.0,0,1
362_ca-phe-phin-giay_F_crop_3.jpg,weight,100 g,100 g,0.0,0.0,0,1
364_ca-phe-rang-xay_F_crop_3.jpg,weight,500 g,500 g,0.0,0.0,0,1
366_tra-trai-cay-hat-chia_F_crop_1.jpg,brand,Fruit Tea with Chia seeds GU VIỆT,GU VIÊT,0.8181818181818182,0.8571428571428571,27,0
368_ngoi-sao-phuong-nam_F_crop_2.jpg,weight,380 g,380 g,0.0,0.0,0,1
369_banh-dua-nuong_F_crop_0.jpg,brand,CHOICE L,CHOICE L,0.0,0.0,0,1
369_banh-dua-nuong_F_crop_1.jpg,name,BÁNH DỪA NƯỚNG - GẠO LỨT ĐẬU XANH -,BÁNH ĐỪA ƯỞNG DA,0.59375,0.8571428571428571,19,0
371_trung-ga-omega-3_F_crop_1.jpg,name,TRỨNG GÀ,TRỨNG GÀ,0.0,0.0,0,1
371_trung-ga-omega-3_F_crop_2.jpg,date,07-12-2023,07-12-2023,0.0,0.0,0,1
371_trung-ga-omega-3_F_crop_3.jpg,date,16-12-2023,16-12-2023,0.0,0.0,0,1
372_ca-mo-lam-sach_F_crop_0.jpg,name,CÁ MÓ LÀM SẠCH,CÁ MÓ LÀM SẠCH,0.0,0.0,0,1
372_ca-mo-lam-sach_F_crop_1.jpg,date,08/12/2023,08/12/2023,0.0,0.0,0,1
372_ca-mo-lam-sach_F_crop_2.jpg,date,09/12/2023,09/12/2023,0.0,0.0,0,1
373_dau-hu-ta_F_crop_0.jpg,date,281123,281123,0.0,0.0,0,1
373_dau-hu-ta_F_crop_1.jpg,date,181223,181223,0.0,0.0,0,1
373_dau-hu-ta_F_crop_3.jpg,weight,280 g,280 g,0.0,0.0,0,1
374_tori-canh-toi_F_crop_0.jpg,name,CANH TOI,CANH TOI,0.0,0.0,0,1
374_tori-canh-toi_F_crop_4.jpg,weight,"0,528","0,528",0.0,0.0,0,1
377_thit-co-bo-my-va-ba-roi-ba-my_F_crop_0.jpg,name,THỊT CỔ BÒ MỸ VÀ BA RỌI BÒ MỸ,THỊT CÔ BÒ MỤ ỊÉủ ĐAY,0.5517241379310345,0.7777777777777778,16,0
377_thit-co-bo-my-va-ba-roi-ba-my_F_crop_1.jpg,date,07.11.2023,07.11.2023,0.0,0.0,0,1
377_thit-co-bo-my-va-ba-roi-ba-my_F_crop_2.jpg,date,05.12.2023,05.12.2023,0.0,0.0,0,1
377_thit-co-bo-my-va-ba-roi-ba-my_F_crop_3.jpg,date,07.05.2025,07.05.2025,0.0,0.0,0,1
379_nac-heo-xay_L_crop_1.jpg,weight,0.312 kg,0.312 kg,0.0,0.0,0,1
379_nac-heo-xay_L_crop_2.jpg,date,9.12.2023,9.12.2023,0.0,0.0,0,1
379_nac-heo-xay_L_crop_3.jpg,date,10.12.2023,10.12.2023,0.0,0.0,0,1
379_nac-heo-xay_L_crop_4.jpg,brand,CP,CP,0.0,0.0,0,1
380_nac-heo-xay_R_crop_3.jpg,weight,0.312 kg,0.312 kg,0.0,0.0,0,1
381_ba-roi-heo_F_crop_0.jpg,name,BA ROI HEO C.P,BA ROI HEO C.P,0.0,0.0,0,1
381_ba-roi-heo_F_crop_1.jpg,weight,0.302 kg,0.302 kg,0.0,0.0,0,1
382_hit-hop_D_crop_1.jpg,date,26/04/2023,26/04/2023,0.0,0.0,0,1
382_hit-hop_D_crop_2.jpg,date,26/04/2026,26/04/2026,0.0,0.0,0,1
382_hit-hop_D_crop_3.jpg,weight,340 g,340 g,0.0,0.0,0,1
383_so-than-bo_F_crop_3.jpg,weight,0.468,0.468,0.0,0.0,0,1
384_so-vun-ca-hoi-nauy_F_crop_0.jpg,name,S0-VUN CA HOI NAUY,G0-VUN CA HOI NAUY,0.058823529411764705,0.25,1,0
384_so-vun-ca-hoi-nauy_F_crop_1.jpg,date,13-01-24,13-01-24,0.0,0.0,0,1
384_so-vun-ca-hoi-nauy_F_crop_2.jpg,date,14-01-24,14-01-24,0.0,0.0,0,1
384_so-vun-ca-hoi-nauy_F_crop_3.jpg,weight,0.654,0.6524,0.2,1.0,1,0
385_sot-uop-thit-han-quoc_F_crop_0.jpg,brand,O'Food,O'Food,0.0,0.0,0,1
385_sot-uop-thit-han-quoc_F_crop_2.jpg,name,Sốt ướp thịt kiểu Hàn Quốc vị cay,Sốt ưốp thê Sấy ưỏn,0.6363636363636364,0.875,21,0
386_pho-mai-xong-khoi_F_crop_0.jpg,brand,GOODFOOD,GOODFOOD,0.0,0.0,0,1
386_pho-mai-xong-khoi_F_crop_2.jpg,date,05/07/2023,05/07/2023,0.0,0.0,0,1
386_pho-mai-xong-khoi_F_crop_3.jpg,date,04/07/2024,04/07/2024,0.0,0.0,0,1
387_sua-dau-nanh_F_crop_0.jpg,name,SỮA ĐẬU NÀNH,SỮA ĐẬU NÀNH,0.0,0.0,0,1
387_sua-dau-nanh_F_crop_1.jpg,brand,ICHIBAN,ICHIBAN,0.0,0.0,0,1
388_muc-mot-nang-sot-nuoc-mam_F_crop_3.jpg,weight,"0,226","0,226",0.0,0.0,0,1
389_ma-dui-ga_F_crop_1.jpg,weight,500 g,500 g,0.0,0.0,0,1
390_dui-toi-tuoi_F_crop_0.jpg,name,Đùi Tỏi Tươi,Đùi Tỏi Tươi,0.0,0.0,0,1
390_dui-toi-tuoi_F_crop_2.jpg,date,02/02/2024,02/02/2024,0.0,0.0,0,1
390_dui-toi-tuoi_F_crop_3.jpg,date,07/02/2024,07/02/2024,0.0,0.0,0,1
391_phi-le-ga-khong-da_F_crop_1.jpg,weight,500 g,500 g,0.0,0.0,0,1
391_phi-le-ga-khong-da_F_crop_2.jpg,date,02 02 2024,02 02 2024,0.0,0.0,0,1
391_phi-le-ga-khong-da_F_crop_3.jpg,date,04 02 2024,04 02 2024,0.0,0.0,0,1
392_phi-le-ga-khong-da_F_crop_0.jpg,name,Phi lê gà không da,Phi lê gà không da,0.0,0.0,0,1
394_phi-le-ga-khong-da_F_crop_3.jpg,weight,500 g,500 g,0.0,0.0,0,1
395_hat-dua_F_crop_1.jpg,brand,select,select,0.0,0.0,0,1
395_hat-dua_F_crop_2.jpg,date,05/12/2023,05/12/2023,0.0,0.0,0,1
395_hat-dua_F_crop_3.jpg,date,18/01/2024,18/01/2024,0.0,0.0,0,1
395_hat-dua_F_crop_5.jpg,date,12 tháng kể từ NSX,12 tháng kể từ NSX,0.0,0.0,0,1
397_xa-lach_F_crop_1.jpg,date,31/01/2024,31/01/2024,0.0,0.0,0,1
398_dua-leo_F_crop_0.jpg,name,Dưa Leo,Dưa Leo,0.0,0.0,0,1
398_dua-leo_F_crop_2.jpg,brand,Select,Select,0.0,0.0,0,1
399_tuong-ot_F_crop_1.jpg,date,14.12.23,14.12.23,0.0,0.0,0,1
399_tuong-ot_F_crop_2.jpg,date,14.12.24,14.12.24,0.0,0.0,0,1
399_tuong-ot_F_crop_3.jpg,weight,10 g,10 g,0.0,0.0,0,1
400_bot-ngu-vi-huong_B_crop_0.jpg,name,BỘT NGŨ VỊ HƯƠNG,BỘT NGŨ VỊ HƯƠNG,0.0,0.0,0,1
400_bot-ngu-vi-huong_B_crop_1.jpg,date,07.12.2023,CHOE D,1.0,2.0,10,0
400_bot-ngu-vi-huong_B_crop_2.jpg,date,07.12.2025,CHOIE L,1.0,2.0,10,0
402_uc-fillet-tuoi_F_crop_0.jpg,name,ức Fillet Tươi,ức Fillet Tươi,0.0,0.0,0,1
402_uc-fillet-tuoi_F_crop_1.jpg,weight,500 g,500 g,0.0,0.0,0,1
402_uc-fillet-tuoi_F_crop_2.jpg,date,08/03/2024,08/03/2024,0.0,0.0,0,1
402_uc-fillet-tuoi_F_crop_3.jpg,date,13/03/2024,13/03/2024,0.0,0.0,0,1
402_uc-fillet-tuoi_F_crop_4.jpg,weight,500 g,500 g,0.0,0.0,0,1
403_ma-dui-ga-cat-san_F_crop_1.jpg,date,3.2.2024,3.2.2024,0.0,0.0,0,1
403_ma-dui-ga-cat-san_F_crop_2.jpg,date,4.2.2024,4.2.2024,0.0,0.0,0,1
403_ma-dui-ga-cat-san_F_crop_3.jpg,weight,0.298 kg,0.298 kg,0.0,0.0,0,1
404_thit-xay_F_crop_0.jpg,name,THIT XAY C.P,THIT XAY C.P,0.0,0.0,0,1
404_thit-xay_F_crop_1.jpg,date,3.2.2024,3.2.2024,0.0,0.0,0,1
404_thit-xay_F_crop_2.jpg,date,4.2.2024,4.2.2024,0.0,0.0,0,1
405_nac-dam-heo_F_crop_1.jpg,date,3.2.2024,3.2.2024,0.0,0.0,0,1
405_nac-dam-heo_F_crop_2.jpg,date,4.2.2024,4.2.2024,0.0,0.0,0,1
405_nac-dam-heo_F_crop_3.jpg,weight,0.592 kg,0.592 kg,0.0,0.0,0,1
406_dui-goc-tu_F_crop_0.jpg,name,Đùi Góc Tư Tươi,Đùi Góc Tư Tươi,0.0,0.0,0,1
406_dui-goc-tu_F_crop_2.jpg,date,02/02/2024,02/02/2024,0.0,0.0,0,1
406_dui-goc-tu_F_crop_3.jpg,date,07/02/2024,07/02/2024,0.0,0.0,0,1
407_banh-gau-sua_F_crop_1.jpg,weight,500 g,500 g,0.0,0.0,0,1
408_bot-toi_F_crop_1.jpg,date,27/01/2024,27/01/2024,0.0,0.0,0,1
408_bot-toi_F_crop_2.jpg,date,27/01/2026,27/01/2026,0.0,0.0,0,1
411_tom-kho_B_crop_0.jpg,date,17/11/2023,17/11/2023,0.0,0.0,0,1
411_tom-kho_B_crop_1.jpg,date,6 tháng kể từ ngày sản xuất.,6 tháng kể từ ngày sẵn xuớt.,0.07142857142857142,0.2857142857142857,2,0
412_hat-oc-cho_F_crop_0.jpg,name,Hạt óc chó,Hạt óc chó,0.0,0.0,0,1
413_xoai-say-deo_F_crop_0.jpg,name,Xoài sấy dẻo,Xoài sấy dẻo,0.0,0.0,0,1
414_fillet-ca-hoi-con-da_F_crop_1.jpg,date,03-03-24,03-03-24,0.0,0.0,0,1
414_fillet-ca-hoi-con-da_F_crop_2.jpg,date,05-03-24,05-03-24,0.0,0.0,0,1
414_fillet-ca-hoi-con-da_F_crop_3.jpg,weight,"0,290","0,290",0.0,0.0,0,1
415_tom-su-tuoi_F_crop_0.jpg,name,TOM SU TUOI,TOM SU TUOI,0.0,0.0,0,1
417_thit-heo_F_crop_1.jpg,date,27/11/23,27/11/23,0.0,0.0,0,1
417_thit-heo_F_crop_2.jpg,date,29/11/23,29/11/23,0.0,0.0,0,1
418_phi-le-uc_F_crop_0.jpg,brand,JAFFA,JAFFA,0.0,0.0,0,1
418_phi-le-uc_F_crop_2.jpg,date,13-12-23,13-12-23,0.0,0.0,0,1
418_phi-le-uc_F_crop_3.jpg,date,15-12-23,15-12-23,0.0,0.0,0,1
418_phi-le-uc_F_crop_4.jpg,weight,"0,520","0,520",0.0,0.0,0,1
420_hat-hanh-nhan-va-bap-nuong_F_crop_0.jpg,name,HẠT HẠNH NHÂN VÀ BẮP NƯỚNG,HẠT HẠNH NHÂN VÀ BẦP NƯỚNG,0.038461538461538464,0.16666666666666666,1,0
421_bo-ngot-baby_F_crop_1.jpg,weight,250 g,250 g,0.0,0.0,0,1
421_bo-ngot-baby_F_crop_2.jpg,date,30/01/2024,30/01/2024,0.0,0.0,0,1
421_bo-ngot-baby_F_crop_3.jpg,date,02/02/2024,02/02/2024,0.0,0.0,0,1
422_cai-ngot-baby_F_crop_0.jpg,name,Cải ngọt baby,Cải ngọt baby,0.0,0.0,0,1
422_cai-ngot-baby_F_crop_1.jpg,weight,250 g,250 g,0.0,0.0,0,1
423_ngon-kho-qua-rung_F_crop_1.jpg,weight,200 g,200 g,0.0,0.0,0,1
424_dui-ga-thao-khop_F_crop_0.jpg,name,Đùi Gà Tháo Khớp,Đùi Gà Tháo Khớp,0.0,0.0,0,1
424_dui-ga-thao-khop_F_crop_1.jpg,date,27/01/2024,27/01/2024,0.0,0.0,0,1
424_dui-ga-thao-khop_F_crop_2.jpg,date,01/02/2024,01/02/2024,0.0,0.0,0,1
427_hung-lui_F_crop_2.jpg,date,29-01-2024,29-01-2024,0.0,0.0,0,1
427_hung-lui_F_crop_4.jpg,weight,50 g,50 g,0.0,0.0,0,1
428_hanh-la_F_crop_1.jpg,weight,100 g,100 g,0.0,0.0,0,1
428_hanh-la_F_crop_2.jpg,date,30/01/2024,30/01/2024,0.0,0.0,0,1
428_hanh-la_F_crop_3.jpg,date,4 ngày kể từ ngày đóng gói,4ngty k tị ngày ông ói,0.2692307692307692,0.8571428571428571,7,0
429_ca-chi-vang-chay-toi_F_crop_0.jpg,name,Cái Chỉ Vàng Cháy Tỏi,Cái Chỉ Vàng Cháy Tỏi,0.0,0.0,0,1
429_ca-chi-vang-chay-toi_F_crop_1.jpg,date,20/01/2024,20/01/2024,0.0,0.0,0,1
429_ca-chi-vang-chay-toi_F_crop_2.jpg,date,20/01/2025,20/01/2025,0.0,0.0,0,1
430_nho-vang_F_crop_1.jpg,brand,nutty,nutty,0.0,0.0,0,1
430_nho-vang_F_crop_2.jpg,date,09/12/2023,09/12/2023,0.0,0.0,0,1
430_nho-vang_F_crop_3.jpg,date,29/01/2024,29/01/2024,0.0,0.0,0,1
430_nho-vang_F_crop_4.jpg,date,09/12/2024,09/12/2024,0.0,0.0,0,1
431_hat-bi-nguyen-vo_F_crop_1.jpg,name,Hạt bí nguyên vỏ nướng tự nhiên,Hạc ịn vT ut há Đ2t,0.7096774193548387,1.0,22,0
431_hat-bi-nguyen-vo_F_crop_2.jpg,date,15/12/2024,15/12/2024,0.0,0.0,0,1
431_hat-bi-nguyen-vo_F_crop_3.jpg,date,15/02/2025,15/02/2025,0.0,0.0,0,1
432_trail-mix-vi-so-co-la_F_crop_0.jpg,brand,nutty,nutty,0.0,0.0,0,1
432_trail-mix-vi-so-co-la_F_crop_2.jpg,date,17/01/2024,17/01/2024,0.0,0.0,0,1
432_trail-mix-vi-so-co-la_F_crop_3.jpg,date,17/01/2025,17/01/2025,0.0,0.0,0,1
433_mat-ong-hoa-vai-thieu_F_crop_0.jpg,name,MẬT ONG HOA VẢI THIỀU,MẬT ONG HOA IỀU,0.2857142857142857,0.4,6,0
434_trai-cay-say-thap-cam_F_crop_0.jpg,name,TRÁI CÂY SẤY THẬP CẨM,TRÁI CÂY SẤY THẬP CẨM,0.0,0.0,0,1
435_keo-huong-dau-tay_D_crop_0.jpg,brand,YẾN NHUNG,YẾN NHUNG,0.0,0.0,0,1
436_man-say-deo_F_crop_0.jpg,name,MẬN SẤY DẺO Từ 100% mận tươi,NẠN SÂY DEN,0.7407407407407407,1.0,20,0
438_thanh-long-say-deo_F_crop_0.jpg,name,THANH LONG SẤY DẺO Từ 100% thanh long tươi,TƯN LON YDFHO,0.7317073170731707,1.0,30,0
440_tuogn-cham-thit-nuong_F_crop_3.jpg,weight,450 g,450 g,0.0,0.0,0,1
441_bot-khuc-bach_F_crop_0.jpg,brand,BENUSCream,BENUSCream,0.0,0.0,0,1
442_bun-tuoi-kho_F_crop_2.jpg,weight,200g,200g,0.0,0.0,0,1
445_banh-bong-la-huong-com-dua_F_crop_0.jpg,brand,HURA deli,HURA deli,0.0,0.0,0,1
445_banh-bong-la-huong-com-dua_F_crop_1.jpg,weight,168 g,168 g,0.0,0.0,0,1
447_banh-trang_F_crop_2.jpg,weight,250 g,250 g,0.0,0.0,0,1
449_tra-sua-matcha_F_crop_0.jpg,brand,Cozy,Cozy,0.0,0.0,0,1
449_tra-sua-matcha_F_crop_2.jpg,weight,306 g,306 g,0.0,0.0,0,1
450_lipton_F_crop_0.jpg,brand,Lipton,Lipton,0.0,0.0,0,1
450_lipton_F_crop_2.jpg,weight,192 g,192 g,0.0,0.0,0,1
451_ca-phe-sua-vinacafe_F_crop_0.jpg,brand,Vinacafe,Vinacafe,0.0,0.0,0,1
452_banh-trang-goi-cuon_F_crop_1.jpg,weight,280 g,280 g,0.0,0.0,0,1
453_banh-trang-dua-nuong_F_crop_0.jpg,brand,PHƯƠNG NGUYEN,PHƯƠNG NGUYEN,0.0,0.0,0,1
453_banh-trang-dua-nuong_F_crop_2.jpg,brand,PHƯƠNG NGUYÊN,PHƯƠNG NGUYÊN,0.0,0.0,0,1
453_banh-trang-dua-nuong_F_crop_3.jpg,weight,45 g,45 g,0.0,0.0,0,1
454_ca-phe-sua-da-ong-bau_F_crop_0.jpg,brand,ÔNG BẦU SỐNG THẬT CÀ PHÊ THẬT,ONG BÂTI CHẤnY,0.7241379310344828,1.0,21,0
454_ca-phe-sua-da-ong-bau_F_crop_1.jpg,name,CÀ PHÊ SỮA ĐÁ TƯƠI MỚI,CÀ PHÊ SỮA MỚI,0.36363636363636365,0.3333333333333333,8,0
456_tra-vi-vai-va-huong-hoa-lai_F_crop_0.jpg,name,TRÀ VỊ VẢI VÀ HƯƠNG HOA LÀI,TRÀ VỊ VÁI VÀ HƯƠNG HOA LÀ,0.07407407407407407,0.2857142857142857,2,0
456_tra-vi-vai-va-huong-hoa-lai_F_crop_1.jpg,brand,NESTEA,NESTEA,0.0,0.0,0,1
457_bot-ngot_F_crop_0.jpg,brand,VEDAN,VEDAN,0.0,0.0,0,1
457_bot-ngot_F_crop_1.jpg,name,Bột ngọt,Bột ngọt,0.0,0.0,0,1
457_bot-ngot_F_crop_2.jpg,weight,100 g,100 g,0.0,0.0,0,1
459_snack-va-dau-thap-cam_F_crop_0.jpg,brand,TânTân,TânTân,0.0,0.0,0,1
460_pocky_F_crop_0.jpg,brand,Pocky,Pocky,0.0,0.0,0,1
460_pocky_F_crop_2.jpg,weight,40 g,40 g,0.0,0.0,0,1
461_lap-xuong_B_crop_0.jpg,date,01/01/2025,01/01/2025,0.0,0.0,0,1
461_lap-xuong_B_crop_1.jpg,date,01/07/2025,01/07/2025,0.0,0.0,0,1
461_lap-xuong_B_crop_2.jpg,weight,200 g,200 g,0.0,0.0,0,1
465_nuoc-ep-cam_F_crop_0.jpg,brand,Vinamilk,Vinamilk,0.0,0.0,0,1
465_nuoc-ep-cam_F_crop_1.jpg,name,NƯỚC ÉP CAM,NƯỚC ÉP CAM,0.0,0.0,0,1
469_lipton_F_crop_1.jpg,name,trà vị ĐÀO,trà vị ĐÀO,0.0,0.0,0,1
471_dau-phong-da-ca-cot-dua_F_crop_2.jpg,weight,270 G,270 G,0.0,0.0,0,1
472_bun-tuoi-kho_F_crop_2.jpg,weight,200g,200g,0.0,0.0,0,1
473_banh-afc_F_crop_0.jpg,brand,KINH DO,KINH DO,0.0,0.0,0,1
473_banh-afc_F_crop_1.jpg,brand,AFC,AFC,0.0,0.0,0,1
473_banh-afc_F_crop_3.jpg,date,060326,060326,0.0,0.0,0,1
473_banh-afc_F_crop_4.jpg,weight,172g,172g,0.0,0.0,0,1
474_tra-sua-tran-chau_L_crop_0.jpg,brand,HILLWAY,HILLWAY,0.0,0.0,0,1
474_tra-sua-tran-chau_L_crop_1.jpg,date,30.05.24,30.05.24,0.0,0.0,0,1
474_tra-sua-tran-chau_L_crop_2.jpg,date,08.10.25,08.10.25,0.0,0.0,0,1
475_tra-dao-huong-cam-sa_F_crop_1.jpg,name,Trà Đào hương Cam Sả,Trà Đào hươngSả,0.25,0.6,5,0
475_tra-dao-huong-cam-sa_F_crop_3.jpg,weight,88g,88g,0.0,0.0,0,1
476_tra-vi-chanh_F_crop_1.jpg,brand,NESTEA,NESTEA,0.0,0.0,0,1
477_mien_F_crop_1.jpg,weight,210g,210g,0.0,0.0,0,1
478_tra-dao_F_crop_0.jpg,brand,Vinamilk,Vinamilk,0.0,0.0,0,1
478_tra-dao_F_crop_1.jpg,name,ĐÀO GIÒN NGỌT,ĐÀO GIÒN NGỌT,0.0,0.0,0,1
479_banh-chocopie-vi-cacao_F_crop_1.jpg,name,BÁNH CHOCOPIE VỊ CACAO,BÁNH CHOCOPIE VỊ CACAO,0.0,0.0,0,1
480_rong-bien-cuon-com_F_crop_2.jpg,date,03.03.2025,2H,0.9,1.0,9,0
480_rong-bien-cuon-com_F_crop_3.jpg,date,03.03.2026,2H,0.9,1.0,9,0
483_banh-trang-dua-nuong_F_crop_0.jpg,brand,PHUONG NGUYEN,PHUONG NGUYEN,0.0,0.0,0,1
483_banh-trang-dua-nuong_F_crop_1.jpg,name,Bánh Tráng Dừa Nướng,Bánh Tráng Dừa Nướng,0.0,0.0,0,1
483_banh-trang-dua-nuong_F_crop_2.jpg,brand,PHƯƠNG NGUYÊN,PHƯƠNG NGUYÊN,0.0,0.0,0,1
484_bun-tuoikho_B_crop_0.jpg,date,15/02/2025,15/02/2025,0.0,0.0,0,1
484_bun-tuoikho_B_crop_1.jpg,date,15/02/2027,15/02/2027,0.0,0.0,0,1
485_ca-phe-sua-da-ong-bau_R_crop_1.jpg,name,CÀ PHÊ SỮA ĐÁ TƯƠI MỚI,CÀ PHÊ SỮA MỚI,0.36363636363636365,0.3333333333333333,8,0
485_ca-phe-sua-da-ong-bau_R_crop_2.jpg,weight,240 g,240 g,0.0,0.0,0,1
486_vinamilk-sua-dinh-duong-co-duong_F_crop_0.jpg,brand,VINAMILK,VINAMILK,0.0,0.0,0,1
486_vinamilk-sua-dinh-duong-co-duong_F_crop_1.jpg,name,SỮA DINH DƯỠNG CÓ ĐƯỜNG,SỮA DINH DƯỠNG CÓ ĐƯỜNG,0.0,0.0,0,1
486_vinamilk-sua-dinh-duong-co-duong_F_crop_2.jpg,weight,220ml,220ml,0.0,0.0,0,1
487_banh-chocopie-vi-cacao_T_crop_0.jpg,brand,ORION,ORION,0.0,0.0,0,1
487_banh-chocopie-vi-cacao_T_crop_1.jpg,name,BÁNH CHOCOPIE VỊ CACAO,BÁNH CHOCOPIE VỊ CACAO,0.0,0.0,0,1
487_banh-chocopie-vi-cacao_T_crop_2.jpg,date,11.11.24,11.11.24,0.0,0.0,0,1
487_banh-chocopie-vi-cacao_T_crop_3.jpg,date,12 THÁNG KỂ TỪ NGÀY SẢN XUẤT,12 THÂNG KỀ TƯ NGÂY SÀN XUẬT,0.21428571428571427,0.8571428571428571,6,0
488_tra-sua-truyen-thong_F_crop_0.jpg,name,TRÀ SỮA TRUYỀN THỐNG,TRÀ SỮA TRUYỀN HỐNG,0.05,0.25,1,0
488_tra-sua-truyen-thong_F_crop_1.jpg,weight,170 g,170 g,0.0,0.0,0,1
489_granola_F_crop_1.jpg,date,19/07/2022,19/07/22,0.25,1.0,2,0
490_bot-can-tay_F_crop_0.jpg,weight,72g,72g,0.0,0.0,0,1
490_bot-can-tay_F_crop_2.jpg,brand,Goce.vn,Goce.vn,0.0,0.0,0,1
491_xoai-say-deo_F_crop_1.jpg,name,Xoài Sấy Dẻo,Xoài sấy Dẻo,0.0,0.0,0,1
491_xoai-say-deo_F_crop_2.jpg,weight,500 g,500 g,0.0,0.0,0,1
492_th-true-milk_F_crop_2.jpg,weight,110 ml,110 ml,0.0,0.0,0,1
493_khoai-lang-vang-say-gion_F_crop_0.jpg,brand,L'ANGFARM,L'ANGFARM,0.0,0.0,0,1
493_khoai-lang-vang-say-gion_F_crop_2.jpg,weight,350 g,350 g,0.0,0.0,0,1
494_bot-matcha_F_crop_1.jpg,name,BỘT MATCHA,TAI HV ÊÁ CHẤA,1.0,2.0,10,0
494_bot-matcha_F_crop_2.jpg,weight,200 g,200 g,0.0,0.0,0,1
495_oatside_F_crop_0.jpg,brand,OATSIDE,COư,1.0,1.0,7,0
497_banh-sua-socola_F_crop_0.jpg,name,Bánh sữa Sôcôla,Bánh sữa Sôôla,0.06666666666666667,0.3333333333333333,1,0
498_dao-tuoi_F_crop_0.jpg,name,ĐÀO TƯƠI,ĐÀO TƯƠI,0.0,0.0,0,1
499_banh-phong-sua_F_crop_0.jpg,name,Bánh Phồng Sữa,Bánh Phồng Sữa,0.0,0.0,0,1
499_banh-phong-sua_F_crop_2.jpg,weight,220 g,220 g,0.0,0.0,0,1
501_tra-atiso-hoa-cuc_F_crop_1.jpg,weight,90 gram,90 gram,0.0,0.0,0,1
502_tra-hoa-cuc-chi_F_crop_0.jpg,name,TRÀ HOA CÚC CHI,TRÀ HOA CÚC CHI,0.0,0.0,0,1
502_tra-hoa-cuc-chi_F_crop_1.jpg,weight,100g,100g,0.0,0.0,0,1
503_sua-chua-thanh-trung_F_crop_1.jpg,brand,Vinamilk EST 1976,Vinamilk EST 1976,0.0,0.0,0,1
503_sua-chua-thanh-trung_F_crop_2.jpg,name,SỮA CHUA UỐNG THANH TRÙNG,SỮA HƯA NH DA HING,0.48,0.8,12,0
504_kho-heo-chay-toi_F_crop_1.jpg,name,Khô Heo CHÁY TỎI,Khô Heo CHÁY TỎI,0.0,0.0,0,1
506_hanh-nhan-rang-moc_F_crop_0.jpg,name,HẠNH NHÂN RANG MỘC,HẠNH NHÂN RANG MỘC,0.0,0.0,0,1
506_hanh-nhan-rang-moc_F_crop_1.jpg,weight,500g,500g,0.0,0.0,0,1
506_hanh-nhan-rang-moc_F_crop_2.jpg,weight,250g,250g,0.0,0.0,0,1
509_tra-trai-cay-nhiet-doi_F_crop_0.jpg,brand,trẫy ninì,trẫy ninì,0.0,0.0,0,1
509_tra-vi-chanh_F_crop_0.jpg,name,TRÀ VỊ CHANH,TRÀ VỊ TẺ ỚỨY,0.5,0.6666666666666666,6,0
509_tra-vi-chanh_F_crop_1.jpg,weight,196 g,196 g,0.0,0.0,0,1
510_tra-trai-cay-nhiet-doi_B_crop_0.jpg,brand,trấy ninì,trấy ninì,0.0,0.0,0,1
510_tra-trai-cay-nhiet-doi_B_crop_1.jpg,date,26/12/2024,26/12/2024,0.0,0.0,0,1
510_tra-trai-cay-nhiet-doi_B_crop_2.jpg,date,26/12/2025,26/12/2025,0.0,0.0,0,1
511_cafe-pho_F_crop_3.jpg,weight,160 g,160 g,0.0,0.0,0,1
512_cafe-pho_R_crop_0.jpg,brand,MacCoffee Café PHỐ,Madoffee Café HỐ,0.16666666666666666,0.6666666666666666,3,0
513_so-co-la-trang_F_crop_1.jpg,name,SÔ-CÔ-LA TRẮNG THANH LONG & MATCHA,SÀCÔLATRÁNG A C X/N HẬÁ,0.5483870967741935,1.0,17,0
514_nuoc-cot-bun-rieu_F_crop_0.jpg,name,NƯỚC CỐT BÚN RIÊU,NƯỚC CỐT BÚN IÊU,0.058823529411764705,0.25,1,0
514_nuoc-cot-bun-rieu_F_crop_1.jpg,weight,138 g,138 g,0.0,0.0,0,1
516_cappuccino-sau-rieng_F_crop_2.jpg,weight,222 g,222 g,0.0,0.0,0,1
517_gia-vi-tiem-ga_F_crop_0.jpg,name,Gia Vị Tiềm Gà,Gia Vị TiềmGà,0.07142857142857142,0.5,1,0
518_gia-vi-tiem-ga-hat-sen_F_crop_0.jpg,name,Gia Vị Tiềm Gà Hạt Sen,Gia Vị Tiềm Gà Hạt Sen,0.0,0.0,0,1
518_gia-vi-tiem-ga-hat-sen_F_crop_1.jpg,weight,200 g,200 g,0.0,0.0,0,1
519_so-co-la-den_F_crop_1.jpg,name,SÔ-CÔ-LA ĐEN,SÔ-CÔ-LA ĐEN,0.0,0.0,0,1
519_so-co-la-den_F_crop_2.jpg,weight,60 G,60 G,0.0,0.0,0,1
520_banh-dua-nuong_F_crop_1.jpg,name,BÁNH DỪA NƯỚNG,BÁNH DỪA NƯỚNG,0.0,0.0,0,1
521_vit-tiem_F_crop_0.jpg,brand,Ông Chà Và,Ông Chà Và,0.0,0.0,0,1
522_nuoc-cot-bun-mam_F_crop_0.jpg,name,NƯỚC CỐT BÚN MẮM,NƯỚC CỐT BÚN MẮM,0.0,0.0,0,1
523_bot-banh-quay_F_crop_0.jpg,brand,MIKKO,MIKKO,0.0,0.0,0,1
523_bot-banh-quay_F_crop_1.jpg,name,Bột Bánh Quẩy,Bi Bánh Qiấy,0.3076923076923077,0.6666666666666666,4,0
523_bot-banh-quay_F_crop_2.jpg,weight,350 g,350 g,0.0,0.0,0,1
524_bot-khuc-bach_F_crop_0.jpg,name,BỘT KHÚC BẠCH,BỘT KHÚC BẠCH,0.0,0.0,0,1
524_bot-khuc-bach_F_crop_1.jpg,brand,BENUSCream,BENUSCream,0.0,0.0,0,1
524_bot-khuc-bach_F_crop_2.jpg,weight,100 g,100 g,0.0,0.0,0,1
525_keo-dua_F_crop_0.jpg,brand,COCOLAND,COCOLAND,0.0,0.0,0,1
525_keo-dua_F_crop_1.jpg,brand,xuan thanh,xuan thanh,0.0,0.0,0,1
525_keo-dua_F_crop_3.jpg,weight,375g,375g,0.0,0.0,0,1
528_banh-dau-xanh-rong-vang-hoang-gia_B_crop_1.jpg,weight,300 g,300 g,0.0,0.0,0,1
528_banh-dau-xanh-rong-vang-hoang-gia_B_crop_2.jpg,date,01/12/2025,01/12/2025,0.0,0.0,0,1
529_banh-dau-xanh-rong-vang-hoang-gia_R_crop_0.jpg,date,02.04.2025,02.04.2025,0.0,0.0,0,1
529_banh-dau-xanh-rong-vang-hoang-gia_R_crop_1.jpg,date,02.11.2025,02.11.2025,0.0,0.0,0,1
529_banh-dau-xanh-rong-vang-hoang-gia_R_crop_2.jpg,weight,190 g,190 g,0.0,0.0,0,1
532_banh-dau-xanh_F_crop_1.jpg,brand,RỒNG VÀNG,RỒNG VÀNG,0.0,0.0,0,1
533_keo-thap-cam_F_crop_1.jpg,name,KẸO THẬP CẨM,KẸO THẬP CẨM,0.0,0.0,0,1
533_keo-thap-cam_F_crop_2.jpg,weight,450 g,450 g,0.0,0.0,0,1
534_keo-huong-dau-tay_B_crop_0.jpg,brand,YẾN NHUNG,YẾN NHUNG,0.0,0.0,0,1
535_banh-dau-xanh_R_crop_1.jpg,date,20/10/2025,20/10/2025,0.0,0.0,0,1
536_keo-huong-dau-tay_F_crop_1.jpg,name,KẸO HƯƠNG DÂU TÂY,KẸO HƯƠNG DÂU TÂY,0.0,0.0,0,1
537_keo-huong-dau-tam_F_crop_0.jpg,name,KẸO HƯƠNG DÂU TẰM,KẸO HƯƠNG DÂU TẰM,0.0,0.0,0,1
538_bot-gia-vi-ngu-vi-huong_F_crop_0.jpg,brand,Dh Foods,Dh Foods,0.0,0.0,0,1
538_bot-gia-vi-ngu-vi-huong_F_crop_1.jpg,name,Bột Gia Vị Ngũ Vị Hương,Bột Gia Vị Ngũ Vị Hương,0.0,0.0,0,1
539_bot-gia-vi-ngu-vi-huong_B_crop_0.jpg,brand,Dh Foods,Dh Foods,0.0,0.0,0,1
539_bot-gia-vi-ngu-vi-huong_B_crop_1.jpg,date,10 02 25,10 02 25,0.0,0.0,0,1
539_bot-gia-vi-ngu-vi-huong_B_crop_2.jpg,date,10 08 26,10 08 26,0.0,0.0,0,1
540_soda_F_crop_2.jpg,weight,250g,250g,0.0,0.0,0,1
542_gia-vi-uop-thit-mac-mat_F_crop_0.jpg,brand,Dh Foods,Dh Foods,0.0,0.0,0,1
542_gia-vi-uop-thit-mac-mat_F_crop_1.jpg,name,Gia Vị Ướp Thịt Mắc Mật,Gia Vị Ướp Thịt Mắc Mật,0.0,0.0,0,1
543_gia-vi-uop-thi-mac-mat_B_crop_2.jpg,date,19 12 24,19 12 24,0.0,0.0,0,1
543_gia-vi-uop-thi-mac-mat_B_crop_3.jpg,date,19 06 26,19 06 26,0.0,0.0,0,1
544_gia-vi-uop-thit-nuong_F_crop_0.jpg,brand,Dh Foods,Dh Foods,0.0,0.0,0,1
544_gia-vi-uop-thit-nuong_F_crop_1.jpg,name,Gia Vị Ướp Thịt Nướng,Gia Vị Ướp Thịt Nướng,0.0,0.0,0,1
546_so-co-la-phu-dua_F_crop_1.jpg,date,1 năm kể từ ngày sản xuất,1 năm kể từ ngày săn Xuất,0.04,0.14285714285714285,1,0
546_so-co-la-phu-dua_F_crop_2.jpg,date,03/02/2025,03/02/2025,0.0,0.0,0,1
547_banh-dua-nuong_F_crop_0.jpg,brand,CHOICE L,CHOICE L,0.0,0.0,0,1
548_so-co-la-nhan-kem-ca-phe_F_crop_0.jpg,weight,48 g,48 g,0.0,0.0,0,1
548_so-co-la-nhan-kem-ca-phe_F_crop_1.jpg,name,SÔ CÔ LA NHÂN KEM CÀ PHÊ,SÔCOHLÀA XÉ ÀU,0.7083333333333334,1.0,17,0
549_socola-hat-sen_B_crop_1.jpg,name,Sôcôla Hạt sen,Sôcôla Hạt sen,0.0,0.0,0,1
550_socola-den_B_crop_1.jpg,weight,58 g,58 g,0.0,0.0,0,1
553_ca-phe-hoa-tan_F_crop_2.jpg,weight,306 g,306 g,0.0,0.0,0,1
555_keo-thap-cam_D_crop_0.jpg,brand,YẾN NHUNG,YẾN NHUNG,0.0,0.0,0,1
555_keo-thap-cam_D_crop_1.jpg,name,KẸO THẬP CẨM,KẸO THẬP CẨM,0.0,0.0,0,1
556_keo-huong-dau-tam_B_crop_0.jpg,brand,YẾN NHUNG,YẾN NHUNG,0.0,0.0,0,1
556_keo-huong-dau-tam_B_crop_1.jpg,name,KẸO HƯƠNG DÂU TẰM,KẸO HƯƠNG DÂU TẰM,0.0,0.0,0,1
560_lau-kim-chi_F_crop_0.jpg,brand,O'Food,O'Food,0.0,0.0,0,1
560_lau-kim-chi_F_crop_2.jpg,name,Sốt Lẩu Hoàn Chỉnh Lẩu Kim Chi,S ậu Háh hch V Dt ơòn,0.6333333333333333,1.0,19,0
560_lau-kim-chi_F_crop_3.jpg,weight,180 g,180 g,0.0,0.0,0,1
563_sinh-to-viet-quoc_F_crop_0.jpg,brand,CHOICE L,CHOICE L,0.0,0.0,0,1
563_sinh-to-viet-quoc_F_crop_2.jpg,weight,500 ml,500 ml,0.0,0.0,0,1
564_tuong-ot-sieu-cay_F_crop_1.jpg,name,Tương ớt SIÊU CAY,Tương ớt SICAY,0.17647058823529413,0.5,3,0
564_tuong-ot-sieu-cay_F_crop_2.jpg,weight,330g,330g,0.0,0.0,0,1
565_sinh-to-xoai_F_crop_0.jpg,brand,CHOICE L,CHOICE L,0.0,0.0,0,1
565_sinh-to-xoai_F_crop_1.jpg,name,Sinh Tố Xoài,Sinh Tố Xoài,0.0,0.0,0,1
565_sinh-to-xoai_F_crop_2.jpg,weight,500 ml,500 ml,0.0,0.0,0,1
566_sinh-to-mang-cau_F_crop_1.jpg,name,Sinh Tố Mãng Cầu,Sinh Tố Mãng Cầu,0.0,0.0,0,1
567_gia-vi-rac-com_F_crop_1.jpg,name,Gia Vị Rắc Cơm,Gia Vị Rắc Cơm,0.0,0.0,0,1
568_gao-lua-tom-nang-huong_F_crop_0.jpg,brand,Kim Thiên Lộc,Kim Thiên Lộc,0.0,0.0,0,1
568_gao-lua-tom-nang-huong_F_crop_1.jpg,name,gạo lúa tôm Nàng Hương,gạo lúa tôm Nàngương,0.09090909090909091,0.4,2,0
569_tuong-den_F_crop_1.jpg,name,TƯƠNG ĐEN,TƯƠNG ĐEN,0.0,0.0,0,1
571_nho-chile-vang_F_crop_2.jpg,weight,330 g,330 g,0.0,0.0,0,1
572_gao-huu-co-ecoba-huyet-rong_F_crop_2.jpg,weight,1 kg,1 kg,0.0,0.0,0,1
574_ca-chai-nuong_B_crop_1.jpg,date,12 tháng kể từ ngày sản xuất.,12 tháng kê tù ngày sán Xuát.,0.13793103448275862,0.5714285714285714,4,0
574_ca-chai-nuong_B_crop_2.jpg,weight,70 g.,70 g,0.2,0.5,1,0
575_nep-sap_F_crop_0.jpg,date,24/03/2025,24/03/2025,0.0,0.0,0,1
575_nep-sap_F_crop_1.jpg,date,24/03/2026,24/03/2026,0.0,0.0,0,1
577_me-trang_F_crop_0.jpg,date,24/03/2025,24/03/2025,0.0,0.0,0,1
577_me-trang_F_crop_1.jpg,date,24/03/2026,24/03/2026,0.0,0.0,0,1
577_me-trang_F_crop_4.jpg,weight,100 g,100 g,0.0,0.0,0,1
578_bun-tuoi_F_crop_0.jpg,brand,Nuffam,Nuffam,0.0,0.0,0,1
579_che-hat-sen-thap-sen_F_crop_1.jpg,brand,HỒNG HÙNG TUẤN,HỒNG HÙNG TUẤN,0.0,0.0,0,1
580_me-trang-khong-vo_F_crop_0.jpg,date,23/12/2024,23/12/2024,0.0,0.0,0,1
580_me-trang-khong-vo_F_crop_1.jpg,date,23/12/2025,23/12/2025,0.0,0.0,0,1
580_me-trang-khong-vo_F_crop_2.jpg,brand,pmt,pmt,0.0,0.0,0,1
580_me-trang-khong-vo_F_crop_3.jpg,name,MÈ TRẮNG KHÔNG VỎ,MÈ TRẮNG KHÔNG VỎ,0.0,0.0,0,1
580_me-trang-khong-vo_F_crop_4.jpg,weight,100 g,100 g,0.0,0.0,0,1
581_mi-quang-kho_F_crop_0.jpg,date,06.02.2025,06.02.2025,0.0,0.0,0,1
581_mi-quang-kho_F_crop_1.jpg,date,06.02.2027,06.02.2027,0.0,0.0,0,1
582_mi-quang-kho_F_crop_0.jpg,name,Mì Quảng Khô,Mì Quảng Khô,0.0,0.0,0,1
582_mi-quang-kho_F_crop_1.jpg,weight,300 g,300 g,0.0,0.0,0,1
583_mi-rau-cu-tuoi_F_crop_0.jpg,brand,choice L,choiceE L,0.125,0.5,1,0
583_mi-rau-cu-tuoi_F_crop_1.jpg,name,MÌ RAU CỦ TƯƠI,MÌ RAU CỦ TƯƠI,0.0,0.0,0,1
586_ca-trich_F_crop_0.jpg,brand,CHOICE L,CHOICE L,0.0,0.0,0,1
586_ca-trich_F_crop_1.jpg,name,CÁ TRÍCH XẺ TẨM NƯỚNG,CÁ TRÍCH XẺ ỚNG,0.2857142857142857,0.4,6,0
588_bun-tuoi_B_crop_2.jpg,brand,Nuffam,Nuffam,0.0,0.0,0,1
589_bun-tuoi_F_crop_2.jpg,brand,Hằng Nga,Hằng Nga,0.0,0.0,0,1
589_bun-tuoi_F_crop_3.jpg,name,BÚN TƯƠI SẤY KHÔ,BÚN TƯƠI SẤY KHÔ,0.0,0.0,0,1
590_gao-lut-hon-hop_F_crop_1.jpg,name,GẠO LỨT HỖN HỢP 10 LOẠI HẠT,Độ Tươn SMen,0.8518518518518519,1.0,23,0
590_gao-lut-hon-hop_F_crop_2.jpg,weight,1kg,1kg,0.0,0.0,0,1
591_sua-tam_F_crop_0.jpg,brand,CHOICE L,CHOICE L,0.0,0.0,0,1
591_sua-tam_F_crop_2.jpg,weight,950 g,950 g,0.0,0.0,0,1
592_nuoc-rua-chen_F_crop_1.jpg,name,NƯỚC RỬA CHÉN HƯƠNG TRÀ XANH DƯA LƯỚI,NƯỚC RỪA CHÊN NBÓY YỀG,0.6216216216216216,0.875,23,0
592_nuoc-rua-chen_F_crop_2.jpg,weight,1kg,1kg,0.0,0.0,0,1
592_nuoc-rua-chen_F_crop_3.jpg,weight,980 ml,980 ml,0.0,0.0,0,1
594_bun-gao-lut_F_crop_1.jpg,name,Bún Gạo Lứt,Bún Gạo Lứt,0.0,0.0,0,1
594_bun-gao-lut_F_crop_2.jpg,weight,280 g,280 g,0.0,0.0,0,1
595_banh-afc-vi-lua-mi_F_crop_4.jpg,weight,86 g,86 g,0.0,0.0,0,1
596_sua-tam-hoa-anh-dao_B_crop_1.jpg,brand,PURITÉ,PURITÉ,0.0,0.0,0,1
596_sua-tam-hoa-anh-dao_B_crop_2.jpg,weight,500 ml,500 ml,0.0,0.0,0,1
597_sua-tam-hoa-anh-dao_F_crop_0.jpg,brand,PURITÉ,PURITÉ,0.0,0.0,0,1
598_sua-dau-nanh-fami-nguyen-chat_F_crop_0.jpg,name,SỮA ĐẬU NÀNH,SỮA ĐẬU NÀNH,0.0,0.0,0,1
598_sua-dau-nanh-fami-nguyen-chat_F_crop_1.jpg,brand,SỮA ĐẬU NÀNH Fami,SỮA ĐẬU NÀNH ami,0.058823529411764705,0.25,1,0
598_sua-dau-nanh-fami-nguyen-chat_F_crop_2.jpg,weight,1 lít,1 lít,0.0,0.0,0,1
600_cha-bong-heo_F_crop_0.jpg,brand,C&B FOOD RESTAURANT,C&B FOANT,0.5555555555555556,0.6666666666666666,10,0
600_cha-bong-heo_F_crop_1.jpg,name,Chà bông HEO,Chà bông HO,0.08333333333333333,0.3333333333333333,1,0
601_cha-bong-heo_B_crop_0.jpg,name,Chà Bông Heo,Chà Bông Heo,0.0,0.0,0,1
602_kho-heo-say-toi_F_crop_1.jpg,name,Khô heo sấy tỏi,Khô heo sấy tỏi,0.0,0.0,0,1
602_kho-heo-say-toi_F_crop_2.jpg,weight,100 g,100 g,0.0,0.0,0,1
604_kho-ga-la-chanh_F_crop_1.jpg,name,Khô gà lá chanh,Khô gà lá hanh,0.06666666666666667,0.25,1,0
604_kho-ga-la-chanh_F_crop_2.jpg,weight,100 g,100 g,0.0,0.0,0,1
605_kho-ga-la-chanh_B_crop_0.jpg,name,Khô gà lá chanh,Khô gà lá chanh,0.0,0.0,0,1
608_thit-bo-kho_F_crop_0.jpg,brand,Poso Thơm ngon-Tròn vị,Poso Thơm ngonn vị,0.14285714285714285,0.25,3,0
608_thit-bo-kho_F_crop_2.jpg,weight,45 g,45 g,0.0,0.0,0,1
609_thit-bo-kho_B_crop_2.jpg,date,15/03/25,15/03/25,0.0,0.0,0,1
609_thit-bo-kho_B_crop_3.jpg,date,15/01/26,15/01/26,0.0,0.0,0,1
610_bot-suong-sao-den_F_crop_1.jpg,weight,50 g,50 g,0.0,0.0,0,1
611_bot-suong-sao-den_B_crop_0.jpg,name,Bột Sương Sáo Đen,Bột Sương Sáo Đen,0.0,0.0,0,1
612_bot-rau-cau-deo_B_crop_0.jpg,name,Bột Rau Câu Dẻo,Bột Rau Câu Dẻo,0.0,0.0,0,1
612_bot-rau-cau-deo_B_crop_1.jpg,date,06/08/24,06/08/24,0.0,0.0,0,1
612_bot-rau-cau-deo_B_crop_2.jpg,date,05/08/26,05/08/26,0.0,0.0,0,1
613_bot-rau-cau-deo_F_crop_2.jpg,weight,12g,12g,0.0,0.0,0,1
614_chao-mon_F_crop_0.jpg,date,28/10/2024,28/10/2024,0.0,0.0,0,1
614_chao-mon_F_crop_1.jpg,date,28/04/2026,28/04/2026,0.0,0.0,0,1
614_chao-mon_F_crop_2.jpg,brand,Mikiri,Mikiri,0.0,0.0,0,1
614_chao-mon_F_crop_3.jpg,name,Chao Môn,Chao Môn,0.0,0.0,0,1
616_bot-suong-sam_B_crop_0.jpg,name,BỘT SƯƠNG SÂM,BỘT SƯƠNG SÂM,0.0,0.0,0,1
616_bot-suong-sam_B_crop_1.jpg,date,06/01/25,06/01/25,0.0,0.0,0,1
616_bot-suong-sam_B_crop_2.jpg,date,05/01/27,05/01/27,0.0,0.0,0,1
617_nuoc-tuong-dau-nanh_F_crop_0.jpg,brand,Maggi,Maggi,0.0,0.0,0,1
621_nuoc-mam-nam-ngu_F_crop_2.jpg,brand,CHIN-SU FOODS,CHIN-SU FOODS,0.0,0.0,0,1
621_nuoc-mam-nam-ngu_F_crop_3.jpg,brand,Nam Ngư,Nam Ngư,0.0,0.0,0,1
621_nuoc-mam-nam-ngu_F_crop_4.jpg,name,NƯỚC MẮM,NƯỚC MẮM,0.0,0.0,0,1
622_nuoc-mam-nam-ngu_F_crop_2.jpg,name,NƯỚC MẮM,NƯỚC MẮM,0.0,0.0,0,1
623_hat-nem-tam-bao_F_crop_1.jpg,brand,Tam Bảo,Tam Bảo,0.0,0.0,0,1
623_hat-nem-tam-bao_F_crop_2.jpg,brand,Neptune,Neptune,0.0,0.0,0,1
623_hat-nem-tam-bao_F_crop_3.jpg,weight,380 g,380 g,0.0,0.0,0,1
624_muoi-say-i-ot_F_crop_0.jpg,brand,Sosal group,Sosal group,0.0,0.0,0,1
624_muoi-say-i-ot_F_crop_2.jpg,weight,500g,500g,0.0,0.0,0,1
626_hat-nem-cao-cap-nam-huong_F_crop_0.jpg,name,HẠT NÊM CAO CẤP NẤM HƯƠNG,HẠT NỐNM CNO CẦP NẮM HƯƠG,0.24,0.8333333333333334,6,0
626_hat-nem-cao-cap-nam-huong_F_crop_1.jpg,brand,Maggi,Maggi,0.0,0.0,0,1
626_hat-nem-cao-cap-nam-huong_F_crop_2.jpg,weight,55g,55g,0.0,0.0,0,1
628_bot-ngot-miwon_F_crop_0.jpg,name,Mì chính - Bột ngọt,Mì chính - Bột ngọt,0.0,0.0,0,1
628_bot-ngot-miwon_F_crop_3.jpg,weight,454 g,454 g,0.0,0.0,0,1
629_th-true-milk-sua-tuoi-tiet-trung-co-duong_F_crop_2.jpg,weight,1L,1L,0.0,0.0,0,1
631_mi-y-xuc-xich-kieu-nhat_F_crop_1.jpg,name,MỲ Ý XÚC XÍCH KIỂU NHẬT,MỲ Ý XÚC XÍCHẬT,0.34782608695652173,0.5,8,0
634_hat-dac-rim_F_crop_1.jpg,date,02 tháng khi bảo quản trong ngăn mát,02 tháng kh bôo guớn trong ngán mật,0.16666666666666666,0.625,6,0
634_hat-dac-rim_F_crop_2.jpg,date,28/11/2024,28/11/2024,0.0,0.0,0,1
636_sua-trai-cay-nho-tu-nhien_F_crop_0.jpg,brand,TH true JUICE milk,TH true JUICE milk,0.0,0.0,0,1
636_sua-trai-cay-nho-tu-nhien_F_crop_1.jpg,brand,MISTORI,MISTORI,0.0,0.0,0,1
636_sua-trai-cay-nho-tu-nhien_F_crop_2.jpg,name,THỨC UỐNG SỮA TRÁI CÂY,THỨC UỐNG SỮA CÂY,0.22727272727272727,0.2,5,0
636_sua-trai-cay-nho-tu-nhien_F_crop_3.jpg,name,Thức Uống Sữa Trái Cây Nho Tự Nhiên,Thêc Uớng Sữa ri Cây tnt ồn,0.37142857142857144,0.75,13,0
636_sua-trai-cay-nho-tu-nhien_F_crop_4.jpg,weight,110 ml,110 ml,0.0,0.0,0,1
637_hat-macca-viet_F_crop_0.jpg,date,25/09/2022,25/09/2022,0.0,0.0,0,1
637_hat-macca-viet_F_crop_1.jpg,date,25/03/2023,25/03/20/23,0.0,0.0,0,1
638_dau-dua_F_crop_1.jpg,name,DẦU DỪA TINH KHIẾT,DẦU DỪA TINH HIẾT,0.05555555555555555,0.25,1,0
639_mat-ong-hoa-ca-phe_F_crop_2.jpg,date,24 tháng kể từ ngày sản xuất,24 tháng kể tứngy ẩn ạớ ớm,0.35714285714285715,0.5714285714285714,10,0
639_mat-ong-hoa-ca-phe_F_crop_3.jpg,date,14/01/24,14/01/24,0.0,0.0,0,1
640_mat-ong-hoa-ca-phe_F_crop_4.jpg,weight,100ML,10ML,0.2,1.0,1,0
641_tinh-bot-nghe_F_crop_1.jpg,name,TINH BỘT NGHỆ,TINH BỘT NGHỆ,0.0,0.0,0,1
641_tinh-bot-nghe_F_crop_2.jpg,weight,250g,250g,0.0,0.0,0,1
642_bot-chuoi-xanh_F_crop_0.jpg,brand,ĐỨC KHÔI,BỰÁC HƯộ,0.75,1.0,6,0
642_bot-chuoi-xanh_F_crop_1.jpg,name,BỘT CHUỐI XANH,BỘT CHUỐI XANH,0.0,0.0,0,1
642_bot-chuoi-xanh_F_crop_2.jpg,brand,ĐỨC KHÔI,ĐỨC KHÔI,0.0,0.0,0,1
642_bot-chuoi-xanh_F_crop_3.jpg,weight,500g,500g,0.0,0.0,0,1
643_tra-tieu-thuc_F_crop_0.jpg,name,Trà Tiêu Thực,Trà Tihực,0.3076923076923077,0.6666666666666666,4,0
643_tra-tieu-thuc_F_crop_1.jpg,weight,150 gam,150 gam,0.0,0.0,0,1
645_tra-vai_F_crop_0.jpg,brand,Cozy,Cozy,0.0,0.0,0,1
645_tra-vai_F_crop_1.jpg,name,TRÀ VẢI,TRÀ VI,0.14285714285714285,0.5,1,0
648_tra-bi-dao_F_crop_0.jpg,brand,WONDERFARM,WONDERFARM,0.0,0.0,0,1
648_tra-bi-dao_F_crop_1.jpg,name,Trà Bí Đao,Trà hiệhtnt,0.7,0.6666666666666666,7,0
652_tra-bi-dao_F_crop_0.jpg,date,250225,250225,0.0,0.0,0,1
652_tra-bi-dao_F_crop_1.jpg,date,240226,240226,0.0,0.0,0,1
653_tra-bi-dao_B_crop_0.jpg,date,250225,250225,0.0,0.0,0,1
653_tra-bi-dao_B_crop_1.jpg,date,240226,240226,0.0,0.0,0,1
654_hat-dieu-pho-mai_F_crop_2.jpg,date,10.04.2025,10.04.2025,0.0,0.0,0,1
654_hat-dieu-pho-mai_F_crop_3.jpg,date,04.04.2026,04.04.2026,0.0,0.0,0,1
655_hat-dieu-toi-ot_F_crop_0.jpg,brand,Vinahe CHẤT LƯỢNG TẠO NÊN UY TÍN,Vinaho FooDd,0.78125,1.0,25,0
655_hat-dieu-toi-ot_F_crop_2.jpg,date,02.05.2025,02.05.2025,0.0,0.0,0,1
655_hat-dieu-toi-ot_F_crop_3.jpg,date,02.05.2026,0.05.2024,0.2,1.0,2,0
656_dau-phong-da-ca_F_crop_0.jpg,brand,POCA,POCA,0.0,0.0,0,1
657_mit-say_F_crop_1.jpg,name,MÍT SẤY,MÍT SẤY,0.0,0.0,0,1
658_mit-say_B_crop_1.jpg,brand,we'natur,we'natur,0.0,0.0,0,1
659_trai-cay-say_F_crop_0.jpg,brand,rộprộp,rộprộp,0.0,0.0,0,1
659_trai-cay-say_F_crop_2.jpg,weight,100g,100g,0.0,0.0,0,1
661_ca-phe-sua_F_crop_0.jpg,brand,HIGHLANDS COFFEE,HIGHLANDS CE,0.25,0.5,4,0
661_ca-phe-sua_F_crop_2.jpg,weight,185 ml,185 ml,0.0,0.0,0,1
663_vien-tay-toilet_B_crop_0.jpg,name,VIÊN TẨY TOILET,VIÊN TẨY TOILET,0.0,0.0,0,1
663_vien-tay-toilet_B_crop_2.jpg,date,05 10 2024,05 10 2024,0.0,0.0,0,1
663_vien-tay-toilet_B_crop_3.jpg,date,04 10 2029,04.10 2029,0.1,0.6666666666666666,1,0
664_vien-tay-toilet_F_crop_0.jpg,name,VIÊN TẨY TOILET,VIÊN TẨY TOILET,0.0,0.0,0,1
664_vien-tay-toilet_F_crop_1.jpg,brand,3 BLOCKS,3 BLOCKS,0.0,0.0,0,1
666_khan-uot-khong-mui_D_crop_2.jpg,date,18/03/2025,18/03/2025,0.0,0.0,0,1
666_khan-uot-khong-mui_D_crop_3.jpg,date,3 năm kể từ NSX,3 năm kể từ NSX,0.0,0.0,0,1
667_khan-uotkhong-mui_D_crop_2.jpg,weight,40g,40g,0.0,0.0,0,1
667_khan-uotkhong-mui_D_crop_3.jpg,date,18/03/2025,18/03/2025,0.0,0.0,0,1
667_khan-uotkhong-mui_D_crop_4.jpg,date,3 năm kể từ NSX,3 năm kể từ NSX,0.0,0.0,0,1
669_khan-uot-khong-mui_D_crop_0.jpg,brand,puri,Puri,0.0,0.0,0,1
669_khan-uot-khong-mui_D_crop_1.jpg,name,KHĂN ƯỚT KHÔNG MÙI 20 TỜ,KHẮN ƯỚT KHỘNG MỦI 20 T,0.16666666666666666,0.6666666666666666,4,0
669_khan-uot-khong-mui_D_crop_4.jpg,brand,Puri,Puri,0.0,0.0,0,1
669_khan-uot-khong-mui_D_crop_5.jpg,name,KHĂN ƯỚT KHÔNG MÙI 20 TỜ,KHKHẤNƯỚT T S B HAY,0.7083333333333334,1.0,17,0
670_bot-chien-gion_F_crop_1.jpg,name,BỘT CHIÊN GIÒN,BỘT CHIÊN GIÒN,0.0,0.0,0,1
671_bot-chien-gion_F_crop_1.jpg,name,BỘT CHIÊN GIÒN,BỘT CHIÊN GIÒN,0.0,0.0,0,1
673_baking-soda_F_crop_2.jpg,weight,453 g,453 g,0.0,0.0,0,1
674_baking-soda_B_crop_2.jpg,date,31/12/2027,31/12/2027,0.0,0.0,0,1
674_baking-soda_B_crop_3.jpg,date,31/12/2024,31/12/2024,0.0,0.0,0,1
677_mi-ly-hao-hao_F_crop_0.jpg,brand,ACECOOK,ACECOOK,0.0,0.0,0,1
677_mi-ly-hao-hao_F_crop_1.jpg,name,MÌ LY,MÌ LY,0.0,0.0,0,1
677_mi-ly-hao-hao_F_crop_2.jpg,brand,Hảo Hảo,Hảo Hảo,0.0,0.0,0,1
679_my-ly-hao-hao_F_crop_1.jpg,name,MÌ LY,MÌ LY,0.0,0.0,0,1
681_mi-indomie_F_crop_2.jpg,weight,85 g,85 g,0.0,0.0,0,1
682_mi-indomie_F_crop_0.jpg,brand,Indomie,Indomie,0.0,0.0,0,1
682_mi-indomie_F_crop_1.jpg,weight,85 g,85 g,0.0,0.0,0,1
682_mi-indomie_F_crop_2.jpg,name,Mì Káo khô,Mì Káo khô,0.0,0.0,0,1
683_mi-indomie_F_crop_1.jpg,date,17 11 2025,17 11 2025,0.0,0.0,0,1
683_mi-indomie_F_crop_2.jpg,weight,85 g,85 g,0.0,0.0,0,1
684_nuoc-uong-vi-sua-chua-goodmood_F_crop_1.jpg,brand,good mood,good mood,0.0,0.0,0,1
686_nuoc-uong-vi-sua-chua-goodmood_B_crop_0.jpg,brand,good mood,goo mod,0.2222222222222222,1.0,2,0
686_nuoc-uong-vi-sua-chua-goodmood_B_crop_1.jpg,name,NƯỚC UỐNG VỊ SỮA CHUA,NƯỚC UỐNG VỊ SỮHUA,0.14285714285714285,0.4,3,0
689_grass-jelly-drink_F_crop_1.jpg,name,Grass Jelly Drink,CH O,0.9411764705882353,1.0,16,0
689_grass-jelly-drink_F_crop_3.jpg,date,13/11/2024,13/11/2024,0.0,0.0,0,1
689_grass-jelly-drink_F_crop_4.jpg,date,12/05/2026,12/05/2026,0.0,0.0,0,1
690_nutri-boostf_F_crop_0.jpg,brand,nutriboost,nutr ihtd,0.6,2.0,6,0
690_nutri-boostf_F_crop_1.jpg,weight,297 ml,297 ml,0.0,0.0,0,1
695_dau-phong-da-ca-cot-dua_F_crop_1.jpg,name,ĐẬU PHỘNG DA CÁ CỐT DỪA,ĐẬU PHỘNG DA C DỪA,0.21739130434782608,0.3333333333333333,5,0
695_dau-phong-da-ca-cot-dua_F_crop_2.jpg,weight,270 G,270 G,0.0,0.0,0,1
696_hat-dieu-original_F_crop_1.jpg,weight,170g,170g,0.0,0.0,0,1
697_hat-dieu-original_B_crop_2.jpg,weight,170 g,170 g,0.0,0.0,0,1
698_dau-phong-nuoc-cot-dua_F_crop_1.jpg,name,Đậu phộng nước cốt dừa,Đậu phộng nướdừa,0.2727272727272727,0.6,6,0
698_dau-phong-nuoc-cot-dua_F_crop_2.jpg,weight,135g,135g,0.0,0.0,0,1
700_banh-goute_F_crop_0.jpg,brand,ORION,ORION,0.0,0.0,0,1
700_banh-goute_F_crop_1.jpg,name,Bánh Goute Hạt Dinh Dưỡng,Bánh Goute Hạt Sn en,0.28,0.4,7,0
700_banh-goute_F_crop_2.jpg,weight,"158,4 g","158,4 g",0.0,0.0,0,1
701_banh-gote_D_crop_0.jpg,brand,ORION,ORION,0.0,0.0,0,1
702_banh-xop-que_F_crop_0.jpg,brand,JOJO,S5 gưựn,1.75,2.0,7,0
702_banh-xop-que_F_crop_1.jpg,name,BÁNH XỐP QUE,BANH XÔP OUE,0.25,1.0,3,0
703_banh-xop-que_B_crop_2.jpg,weight,70 g,70 g,0.0,0.0,0,1
704_banh-quy-dua_F_crop_2.jpg,name,BÁNH Quy Dừa,BÁNH Quy Dừa,0.0,0.0,0,1
705_banh-quy-dua_F_crop_1.jpg,weight,180 g,180 g,0.0,0.0,0,1
705_banh-quy-dua_F_crop_2.jpg,weight,180 g,180 g,0.0,0.0,0,1
706_ca-phe-sua-nong_F_crop_0.jpg,brand,MacCoffee Café PHỐ,MacCoffee Café HỐ,0.05555555555555555,0.3333333333333333,1,0
706_ca-phe-sua-nong_F_crop_2.jpg,weight,160 g,160 g,0.0,0.0,0,1
708_tra-huong-lai_F_crop_0.jpg,brand,PHUC LONG,PHUC LONG,0.0,0.0,0,1
708_tra-huong-lai_F_crop_1.jpg,name,TRÀ HƯƠNG LÀI,TRÀ HƯƠNG LÀI,0.0,0.0,0,1
708_tra-huong-lai_F_crop_2.jpg,weight,50 g,50 g,0.0,0.0,0,1
708_tra-huong-lai_F_crop_3.jpg,weight,50 g,50 g,0.0,0.0,0,1
712_tra-vai-huong-hoa-hong_F_crop_2.jpg,name,Trà Vải hương Hoa hồng,Trà Vải hươnghồng,0.22727272727272727,0.6,5,0
714_tra-vi-vai-va-huong-hoa-lai_F_crop_1.jpg,brand,NESTEA,NESTEA,0.0,0.0,0,1
717_tra-gung_B_crop_1.jpg,name,HotGinger,HotGinger,0.0,0.0,0,1
717_tra-gung_B_crop_2.jpg,date,12/03/2025,12/03/2025,0.0,0.0,0,1
717_tra-gung_B_crop_3.jpg,date,12/03/2027,12/03/2027,0.0,0.0,0,1
718_milo_F_crop_0.jpg,brand,Nestle,Nestle,0.0,0.0,0,1
718_milo_F_crop_1.jpg,brand,MILO,MILO,0.0,0.0,0,1
722_kem-dac-co-duong_F_crop_0.jpg,brand,Hoàn Hảo,Hoàn Hảo,0.0,0.0,0,1
722_kem-dac-co-duong_F_crop_1.jpg,name,Kem Đặc Có Đường,Kem Đặc Có Đường,0.0,0.0,0,1
722_kem-dac-co-duong_F_crop_2.jpg,weight,"1,27 kg","1,27 kg",0.0,0.0,0,1
722_kem-dac-co-duong_F_crop_3.jpg,name,Kem đặc có đường dùng để pha cà phê,Kem ạc cớCưne àn ưâ,0.6571428571428571,0.8888888888888888,23,0
724_kem-dac-co-duong_F_crop_1.jpg,date,110325,110325,0.0,0.0,0,1
724_kem-dac-co-duong_F_crop_2.jpg,date,091225,091225,0.0,0.0,0,1
725_hat-chia_F_crop_0.jpg,brand,SUNRISE,SUNRISE,0.0,0.0,0,1
725_hat-chia_F_crop_1.jpg,date,20/08/2024,20/08/2024,0.0,0.0,0,1
725_hat-chia_F_crop_2.jpg,date,30/08/2027,30/08/2027,0.0,0.0,0,1
725_hat-chia_F_crop_4.jpg,weight,300 g,300 g,0.0,0.0,0,1
726_hat-chia_F_crop_3.jpg,name,HẠT CHIA,HẠT CHIA,0.0,0.0,0,1
727_yen-mach-nep-cam_F_crop_0.jpg,brand,Yumfood,Yumfood,0.0,0.0,0,1
731_milo_F_crop_0.jpg,brand,Nestle,Nestle,0.0,0.0,0,1
731_milo_F_crop_1.jpg,brand,MILO,MILO,0.0,0.0,0,1
