filename,label,ground_truth,predicted_text,cer,wer,lev,acc,time
001_heo-cao-boi_F_crop_4.jpg,weight,200 g,200 g,0.0,0.0,0,1,0.887
001_heo-cao-boi_F_crop_5.jpg,weight,100 g,100 g,0.0,0.0,0,1,0.052
002_mi-ly-modern_F_crop_1.jpg,name,MÌ LY MODERN,MODERN,0.5,0.6666666666666666,6,0,0.064
003_banh-crepe-sua-tuoi_B_crop_0.jpg,brand,SweetHome Bakery,SweetHome Bakery,0.0,0.0,0,1,0.124
003_banh-crepe-sua-tuoi_B_crop_3.jpg,date,05/11/2024,05/11/2024,0.0,0.0,0,1,0.08
003_banh-crepe-sua-tuoi_B_crop_4.jpg,date,24h 11/11/2024,24h 11/11/2024,0.0,0.0,0,1,0.093
003_banh-crepe-sua-tuoi_F_crop_0.jpg,brand,SweetHome Bakery,SmeetHome Bakery,0.0625,0.5,1,0,0.107
003_che-buoi_F_crop_2.jpg,weight,140 g,140 g,0.0,0.0,0,1,0.049
003_che-buoi_F_crop_3.jpg,date,06/11/2024,06/11/2024,0.0,0.0,0,1,0.076
003_che-buoi_F_crop_4.jpg,date,10/11/2024,10/11/2024,0.0,0.0,0,1,0.075
004_cal-cheese_F_crop_0.jpg,brand,MAYORA,MAYORA,0.0,0.0,0,1,0.054
004_cal-cheese_F_crop_1.jpg,weight,48g,48g,0.0,0.0,0,1,0.037
004_cal-cheese_F_crop_2.jpg,weight,48g,48g,0.0,0.0,0,1,0.027
004_cal-cheese_F_crop_3.jpg,name,Thực Phẩm Bổ Sung Bánh Xốp Kem Phô Mai Cal Cheese,Thực Phám Bó Sung Bánh Xấp Xem Phô Na Cat Cheese,0.14285714285714285,0.5454545454545454,7,0,0.294
007_snack-nhan-dau-phong_F_crop_0.jpg,name,SNACK NHÂN ĐẬU PHỘNG,SNACK NHÀNGẬU PHỘNG,0.15,0.5,3,0,0.127
009_sting-vang_B_crop_0.jpg,name,NƯỚC TĂNG LỰC STING,10 2025,0.9473684210526315,1.0,18,0,0.049
009_sting-vang_B_crop_1.jpg,weight,320 ml,03.03.2025,1.3333333333333333,1.0,8,0,0.064
011_sting_B_crop_0.jpg,name,NƯỚC TĂNG LỰC STING HƯƠNG DÂU TÂY ĐỎ,NỰC TANG LƯỚC TTING,0.6388888888888888,1.0,23,0,0.118
011_sting_B_crop_1.jpg,weight,320 ml,320 ml,0.0,0.0,0,1,0.055
012_banh-hoa-cuc_F_crop_0.jpg,brand,Fe'sta,Fe'sta,0.0,0.0,0,1,0.049
012_banh-hoa-cuc_F_crop_1.jpg,name,Hoa cúc ngàn lớp,Hoa cùc sia,0.5625,0.75,9,0,0.077
013_snack-vi-suon-nuong_F_crop_0.jpg,brand,Lay's,Lays,0.0,0.0,0,1,0.042
014_mentos-keo-ngam-khong-duong_F_crop_1.jpg,brand,mentos,mentos,0.0,0.0,0,1,0.049
015_mentos-keo-ngam-khong-duong_B_crop_0.jpg,name,KẸO NGẬM KHÔNG ĐƯỜNG,KẸO NGẬM KHÔNG ĐƯŨNG,0.05,0.25,1,0,0.132
015_mentos-keo-ngam-khong-duong_B_crop_2.jpg,weight,35 g,35 g,0.0,0.0,0,1,0.032
018_himalaya-salt_F_crop_1.jpg,brand,HIMALAYA Sports,HIMALALA,0.5333333333333333,1.0,8,0,0.054
019_himalaya-salt_B_crop_3.jpg,date,10/09/2024,55 15 2025,0.875,3.0,7,0,0.065
019_himalaya-salt_B_crop_4.jpg,date,09/09/2026,50/05.2025,0.625,1.0,5,0,0.064
022_marshmallows_B_crop_0.jpg,date,02/07/2024,02/07/2024,0.0,0.0,0,1,0.064
022_marshmallows_B_crop_1.jpg,date,01/10/2025,01/10/2025,0.0,0.0,0,1,0.064
023_lap-xuong_F_crop_0.jpg,name,LẠP XƯỞNG,LẠP XƯỞNG,0.0,0.0,0,1,0.072
023_lap-xuong_F_crop_1.jpg,brand,Greenfeed,Greenfeed,0.0,0.0,0,1,0.059
025_rong-bien_F_crop_1.jpg,name,Rong Biển,Rong Bing,0.2222222222222222,0.5,2,0,0.068
025_rong-bien_F_crop_2.jpg,weight,20 g,20 g,0.0,0.0,0,1,0.032
026_vinamilk-sua-dinh-duong-socola_F_crop_1.jpg,name,SỮA DINH DƯỠNG ,SỮA NHUNG,0.42857142857142855,0.6666666666666666,6,0,0.077
028_dau-an-happi-koki_F_crop_0.jpg,brand,happi Koki,happi,0.5,0.5,5,0,0.043
028_dau-an-happi-koki_F_crop_2.jpg,weight,1 lít,1 lít,0.0,0.0,0,1,0.041
031_dau-an-cai-lan_F_crop_1.jpg,name,DẦU THỰC VẬT HẢO HẠNG,DẬU THỰC VẬT HẢO HẠNG,0.047619047619047616,0.2,1,0,0.138
032_dau-an-cai-lan_B_crop_2.jpg,date,24 tháng trước hạn sử dụng (HSD).,24 tháng trước hạn sữ dúng (HSD,0.0967741935483871,0.42857142857142855,3,0,0.194
033_dau-an-bep-hong_F_crop_0.jpg,brand,Bếp Hồng,Độ3 Hồng,0.375,0.5,3,0,0.06
033_dau-an-bep-hong_F_crop_1.jpg,name,Dầu thực vật tinh luyện,CHOICE L,0.8260869565217391,1.0,19,0,0.056
033_dau-an-bep-hong_F_crop_2.jpg,weight,1 Lít,1 Lít,0.0,0.0,0,1,0.038
034_dau-an-orchid_F_crop_0.jpg,brand,orchid,Orchid,0.0,0.0,0,1,0.047
036_dau-an-good-meall_F_crop_0.jpg,brand,Good Meall,Good,0.6,0.5,6,0,0.036
037_dau-dau-nanh-simply_F_crop_0.jpg,brand,Simply,Simply,0.0,0.0,0,1,0.046
038_dau-dau-nanh-simply_B_crop_0.jpg,weight,1 lít,1 lít,0.0,0.0,0,1,0.04
039_dau-dau-nanh-truong-an_F_crop_0.jpg,date,101224,101224,0.0,0.0,0,1,0.043
039_dau-dau-nanh-truong-an_F_crop_1.jpg,date,101226,101226,0.0,0.0,0,1,0.042
039_dau-dau-nanh-truong-an_F_crop_2.jpg,brand,Tường An,Tường An,0.0,0.0,0,1,0.055
039_dau-dau-nanh-truong-an_F_crop_3.jpg,name,DẦU ĐẬU NÀNH,DẬU DẬU NÀNH,0.16666666666666666,0.6666666666666666,2,0,0.079
040_dau-dau-nanh-truong-an_B_crop_2.jpg,weight,1 lít,1 lít,0.0,0.0,0,1,0.037
041_bo-dau-phong_F_crop_1.jpg,name,BƠ ĐẬU PHỘNG,BƠ ĐẬU PHỘNG,0.0,0.0,0,1,0.08
043_bo-thuc-vat_F_crop_1.jpg,name,BƠ THỰC VẬT,BƠ THỰC VẬT,0.0,0.0,0,1,0.071
045_nui-trung_F_crop_1.jpg,brand,erici,erici,0.0,0.0,0,1,0.045
046_nui-trung_B_crop_2.jpg,weight,400 g,400 g,0.0,0.0,0,1,0.039
047_nui-bon-mua_F_crop_1.jpg,weight,200 g,200 g,0.0,0.0,0,1,0.04
050_nui-ong-dai_F_crop_0.jpg,brand,Bà Bảy,Bà Bảy,0.0,0.0,0,1,0.053
050_nui-ong-dai_F_crop_1.jpg,name,Nui ống dài,Nui vài ớn,0.5454545454545454,0.6666666666666666,6,0,0.086
051_mi-trung-cao-cap_F_crop_0.jpg,name,Mì Trứng Cao Cấp,Mì Tnứng Cao Cáp,0.125,0.5,2,0,0.118
051_nui-gao-lotus_F_crop_0.jpg,brand,Lotus,Lotus,0.0,0.0,0,1,0.059
052_nui-chu-c_F_crop_1.jpg,name,Nui Chữ C,Nui Cha,0.3333333333333333,0.6666666666666666,3,0,0.07
054_tuong-ot-knorr_B_crop_3.jpg,name,TƯƠNG ỚT TRÒN 5 VỊ!,TƯƠNG ỚT TRỊ VỊ,0.2631578947368421,0.6,5,0,0.096
054_tuong-ot-knorr_B_crop_4.jpg,weight,220g,220g,0.0,0.0,0,1,0.034
055_tuong-ca-nam-duong_F_crop_0.jpg,brand,Namduong,10/03.2025,1.125,1.0,9,0,0.068
055_tuong-ca-nam-duong_F_crop_1.jpg,date,081125,081125,0.0,0.0,0,1,0.045
055_tuong-ca-nam-duong_F_crop_2.jpg,brand,NamDương,NamDương,0.0,0.0,0,1,0.058
057_tuong-ot-xanh_F_crop_1.jpg,name,Ớt Xanh Tương,Ới Xanh,0.5384615384615384,0.6666666666666666,7,0,0.053
058_tuong-ot-xanh_B_crop_0.jpg,brand,Ông Chà Và,Ông ChVà,0.2,0.6666666666666666,2,0,0.058
058_tuong-ot-xanh_B_crop_1.jpg,weight,220 g,220 g,0.0,0.0,0,1,0.04
060_tuong-ot-ong-cha-va_B_crop_0.jpg,weight,280 g,280 g,0.0,0.0,0,1,0.041
060_tuong-ot-ong-cha-va_B_crop_1.jpg,date,12 tháng trước HSD,15 15.2025,0.8888888888888888,1.0,16,0,0.066
061_tuong-ot-sieu-cay_F_crop_2.jpg,weight,530g,530g,0.0,0.0,0,1,0.033
062_tuong-ot-sieu-cay_B_crop_0.jpg,date,03/12/24,03/12/24,0.0,0.0,0,1,0.056
062_tuong-ot-sieu-cay_B_crop_1.jpg,date,03/12/25,03/12/25,0.0,0.0,0,1,0.054
062_tuong-ot-sieu-cay_B_crop_2.jpg,brand,TAI LOC FOODS,TAILOCFOODS,0.15384615384615385,1.0,2,0,0.086
063_tuong-ot-sieu-cay_F_crop_0.jpg,brand,TAILOCFOODS,TAILOCFOODS,0.0,0.0,0,1,0.071
063_tuong-ot-sieu-cay_F_crop_2.jpg,weight,530 g,530 g,0.0,0.0,0,1,0.042
064_tuong-ot-dellycook_F_crop_0.jpg,brand,Dellycook,Dellycook,0.0,0.0,0,1,0.099
064_tuong-ot-dellycook_F_crop_1.jpg,name,Tương Ớt CHILI SAUCE ,Tương Ớt CHUA CANG,0.35,0.5,7,0,0.112
068_tuong-den-pho_B_crop_0.jpg,brand,Cholimex FOODS,Cholimex FOODS,0.0,0.0,0,1,0.087
068_tuong-den-pho_B_crop_1.jpg,name,Tương Đen Phở,Tương Đen Phương Pho,0.6153846153846154,0.6666666666666666,8,0,0.122
068_tuong-den-pho_B_crop_2.jpg,date,19 09 24,19 09 24,0.0,0.0,0,1,0.055
068_tuong-den-pho_B_crop_3.jpg,date,19 09 25,19 09 25,0.0,0.0,0,1,0.057
068_tuong-den-pho_B_crop_5.jpg,brand,Cholimex,Cholimex,0.0,0.0,0,1,0.057
069_tuong-ot-chua-ngot_F_crop_2.jpg,brand,Cholimex FOODS,Cholimex FOODS,0.0,0.0,0,1,0.09
071_tuong-ot-chin-su_F_crop_0.jpg,name,Tương ớt,Tương ớt,0.0,0.0,0,1,0.057
073_xot-uop-thit-nuong_F_crop_0.jpg,brand,Cholimex FOODS,Cholimex FOODS,0.0,0.0,0,1,0.091
073_xot-uop-thit-nuong_F_crop_1.jpg,name,XỐT ƯỚP THỊT NƯỚNG,XỐT ƯỚP NHỊT NƯỚNG,0.05555555555555555,0.25,1,0,0.123
073_xot-uop-thit-nuong_F_crop_2.jpg,weight,70 g,70 g,0.0,0.0,0,1,0.035
074_xot-uop-thit-nuong_B_crop_2.jpg,date,12/12/24,12/12/24,0.0,0.0,0,1,0.056
074_xot-uop-thit-nuong_B_crop_3.jpg,date,12/12/25,12/12/25,0.0,0.0,0,1,0.057
075_xot-ga-chien-nuoc-mam_F_crop_1.jpg,weight,70 g,70 g,0.0,0.0,0,1,0.033
075_xot-ga-chien-nuoc-mam_F_crop_2.jpg,name,GÀ CHIÊN NƯỚC MẮM,GÀ CHIÊN NƯỚC MẤM,0.058823529411764705,0.25,1,0,0.11
077_xot-ga-chien-nuoc-mam_F_crop_0.jpg,brand,Barona,Barona,0.0,0.0,0,1,0.048
077_xot-ga-chien-nuoc-mam_F_crop_1.jpg,name,- Xốt Gia Vị Hoàn Chỉnh - GÀ CHIÊN NƯỚC MẮM,Cốt Gia Vị Khôn Gón MAM,0.55,0.7777777777777778,22,0,0.153
078_xot-ga-chien-nuoc-mam_B_crop_0.jpg,name,Xốt Gia Vị Hoàn Chỉnh GÀ CHIÊN NƯỚC MẮM,Xốt Gia Vị Hoàn Chỉnh NƯỚNG NGƯỚNG NGƯỚNG NGỚNG NGƯỚNG NGỚNG NGỚN NƯỚNG NGỚN NGỚN NƯỚNGỚNG N NGỚN NƯỚNGỚN NGỚN NGỚN,2.1794871794871793,1.7777777777777777,85,0,0.817
078_xot-ga-chien-nuoc-mam_B_crop_2.jpg,date,17.10.24,17.10.24,0.0,0.0,0,1,0.062
078_xot-ga-chien-nuoc-mam_B_crop_3.jpg,date,17.10.25,17.10.25,0.0,0.0,0,1,0.059
081_sot-spaghetti_F_crop_2.jpg,brand,ofood,ofood,0.0,0.0,0,1,0.04
081_sot-spaghetti_F_crop_3.jpg,weight,120 g,120 g,0.0,0.0,0,1,0.041
082_hu-tieu-bo-kho_F_crop_1.jpg,name,Hủ Tiếu Bò Kho,Hì Tiêu Kho,0.35714285714285715,0.75,5,0,0.091
084_chao-thit-bam_F_crop_1.jpg,name,Cháo Thịt Bằm,Cháo Thịt Bầm,0.07692307692307693,0.3333333333333333,1,0,0.103
084_chao-thit-bam_F_crop_2.jpg,weight,70,70,0.0,0.0,0,1,0.023
085_bot-suong-sao-den_F_crop_1.jpg,brand,Vinathạch,Vinathạch,0.0,0.0,0,1,0.063
086_snack-tom-vi-muoi-ot-xanh_F_crop_1.jpg,name,Snack Tôm Vị Muối Ớt Xanh,Snackc Tôm Vị Vị,0.52,0.6666666666666666,13,0,0.11
087_tao-ninh-thuan_F_crop_0.jpg,name,TAO NINH THUAN,TAO NINH THUAN,0.0,0.0,0,1,0.088
087_tao-ninh-thuan_F_crop_1.jpg,weight,0.792 kg,0.792 kg,0.0,0.0,0,1,0.057
087_tao-ninh-thuan_F_crop_2.jpg,date,6.1.2025,6.1.2025,0.0,0.0,0,1,0.058
088_tao-gala-mini-phap_F_crop_0.jpg,name,TAO GALA MINI PHAP,TAO GALA MINI PHAP,0.0,0.0,0,1,0.127
088_tao-gala-mini-phap_F_crop_1.jpg,weight,0.476kg,0.4766 kg,0.2857142857142857,2.0,2,0,0.063
089_sapoche_F_crop_1.jpg,date,06-01-2025,06-01-2025,0.0,0.0,0,1,0.069
089_sapoche_F_crop_2.jpg,date,05 NGÀY KỂ TỪ NGÀY SẢN XUẤT,05 NGÀY KỂ TỪ NGÀY SẢN XUẤT,0.0,0.0,0,1,0.16
089_sapoche_F_crop_3.jpg,weight,500g,500g,0.0,0.0,0,1,0.034
090_man-an-phuoc_F_crop_1.jpg,weight,0.554 kg,0.554 kg,0.0,0.0,0,1,0.055
090_man-an-phuoc_F_crop_2.jpg,date,7.1.2025,7.1.2025,0.0,0.0,0,1,0.055
091_oi-nu-hoang_F_crop_2.jpg,date,7.1.2025,7.1.2025,0.0,0.0,0,1,0.054
092_trung-ga-tuoi_F_crop_0.jpg,weight,550g,550g,0.0,0.0,0,1,0.036
093_trung-ga-tuoi_F_crop_0.jpg,brand,HAPPY EGG,HAPPY EGG,0.0,0.0,0,1,0.061
093_trung-ga-tuoi_F_crop_1.jpg,name,TRỨNG GÀ TƯƠI,TRỨNG GÀ TƯƠI,0.0,0.0,0,1,0.083
093_trung-ga-tuoi_F_crop_3.jpg,weight,366g,366g,0.0,0.0,0,1,0.033
094_trung-ga-tuoi_B_crop_1.jpg,name,TRỨNG GÀ TƯƠI,TRỨNG GÀ TƯƠI,0.0,0.0,0,1,0.085
096_trung-vit-bac-thao_F_crop_3.jpg,weight,240g,240g,0.0,0.0,0,1,0.033
097_trung-cut_F_crop_1.jpg,brand,PHƯƠNG NAM FARM,PHƯƠNG NAM FARM,0.0,0.0,0,1,0.095
097_trung-cut_F_crop_3.jpg,weight,300g,300g,0.0,0.0,0,1,0.034
098_trung-vit-tuoi_F_crop_0.jpg,brand,PHƯƠNG NAM FARM,PHƯƠNG NAM FARM,0.0,0.0,0,1,0.093
098_trung-vit-tuoi_F_crop_2.jpg,weight,360g,360g,0.0,0.0,0,1,0.033
099_trung-vit-tuoi_B_crop_0.jpg,name,Trứng Vịt Tươi,Nrong vịt Tươi,0.14285714285714285,0.3333333333333333,2,0,0.099
099_trung-vit-tuoi_B_crop_1.jpg,weight,360g,360g,0.0,0.0,0,1,0.033
099_trung-vit-tuoi_B_crop_2.jpg,date,12 ngày (kể từ ngày đóng gói),12 ngày (kể từ ngày đóng gói,0.0,0.0,0,1,0.176
099_trung-vit-tuoi_B_crop_3.jpg,date,28-12-2024,28-12-2024,0.0,0.0,0,1,0.069
100_tao-do-khong-hat_F_crop_0.jpg,name,TÁO ĐỎ KHÔNG HẠT,TẠO ĐŨ KHÔNG HẠT,0.125,0.5,2,0,0.109
100_tao-do-khong-hat_F_crop_1.jpg,brand,VIETFRESH,VIETFRESH,0.0,0.0,0,1,0.063
102_dau-phong_F_crop_0.jpg,brand,VIET THIEN,VIET THIEN,0.0,0.0,0,1,0.073
102_dau-phong_F_crop_1.jpg,name,ĐẬU PHỘNG,ĐẬU PHỘNG,0.0,0.0,0,1,0.073
103_pho-tai_F_crop_3.jpg,weight,50G,50G,0.0,0.0,0,1,0.027
104_hanh-phi_F_crop_0.jpg,name,HÀNH PHI,HÀNH PHI,0.0,0.0,0,1,0.055
107_nam-dong-co_F_crop_2.jpg,weight,50G,50G,0.0,0.0,0,1,0.028
108_hat-sen_F_crop_0.jpg,brand,ĐỨC DŨNG,ĐỨC DŨNG,0.0,0.0,0,1,0.055
108_hat-sen_F_crop_1.jpg,name,HẠT SEN,HẠT SEN,0.0,0.0,0,1,0.055
108_hat-sen_F_crop_2.jpg,weight,100g,100g,0.0,0.0,0,1,0.033
110_me-trang_F_crop_0.jpg,brand,ĐỨC DŨNG,ĐỨC DŨNG,0.0,0.0,0,1,0.057
110_me-trang_F_crop_1.jpg,name,MÈ TRẮNG,MÈ TRẮNG,0.0,0.0,0,1,0.058
111_dau-xanh-khong-vo_F_crop_1.jpg,brand,TUẤN LINH,TUẤN LINH,0.0,0.0,0,1,0.064
112_dau-den_F_crop_0.jpg,brand,VIETFRESH,VIETFRESH,0.0,0.0,0,1,0.061
112_dau-den_F_crop_1.jpg,name,Đậu Đen,Đậu Đen,0.0,0.0,0,1,0.056
114_toi-phi_F_crop_3.jpg,weight,50 g,50 g,0.0,0.0,0,1,0.034
117_dau-nanh-say-gion_F_crop_0.jpg,name,Đậu Nành Sấy Giòn,Đậu Nành Cha,0.47058823529411764,0.5,8,0,0.079
117_dau-nanh-say-gion_F_crop_2.jpg,brand,tili,tili,0.0,0.0,0,1,0.033
118_dau-nanh-say-gion_B_crop_0.jpg,name,Đậu Nành Sấy Giòn,Đậu Nành Sấy Giòn,0.0,0.0,0,1,0.117
118_dau-nanh-say-gion_B_crop_1.jpg,date,25/11/2024,25/11/2024,0.0,0.0,0,1,0.064
118_dau-nanh-say-gion_B_crop_2.jpg,date,25/11/2025,25/11/2025,0.0,0.0,0,1,0.066
118_dau-nanh-say-gion_B_crop_3.jpg,date,12 tháng kể từ NSX.,12 tháng kể từ NSX.,0.0,0.0,0,1,0.118
119_xoai-say-deo_F_crop_1.jpg,date,18/11/2024,18/11/2024,0.0,0.0,0,1,0.069
119_xoai-say-deo_F_crop_2.jpg,date,18/11/2025,18/11/2025,0.0,0.0,0,1,0.067
119_xoai-say-deo_F_crop_3.jpg,weight,200 g,200 g,0.0,0.0,0,1,0.038
119_xoai-say-deo_F_crop_4.jpg,brand,tili,tili,0.0,0.0,0,1,0.033
121_cha-bong-ga_B_crop_0.jpg,name,Chà Bông Gà,Chà Bông Gà,0.0,0.0,0,1,0.072
121_cha-bong-ga_B_crop_1.jpg,date,24 12 2024,24 12 2024,0.0,0.0,0,1,0.066
121_cha-bong-ga_B_crop_2.jpg,date,27 12 2024,27 12 2024,0.0,0.0,0,1,0.065
121_cha-bong-ga_B_crop_3.jpg,date,24 12 2025,24 12 2025,0.0,0.0,0,1,0.067
122_nescafe-ca-phe-den-da_F_crop_0.jpg,brand,NESCAFÉ,NESCAFE,0.14285714285714285,1.0,1,0,0.057
122_nescafe-ca-phe-den-da_F_crop_1.jpg,name,CÀ PHÊ ĐEN ĐÁ,CÀ PHÊ ĐEN ĐÁ,0.0,0.0,0,1,0.084
123_nescafe-ca-phe-den-da_B_crop_0.jpg,weight,240 g,240 g,0.0,0.0,0,1,0.039
123_nescafe-ca-phe-den-da_B_crop_1.jpg,date,23.06.2025,25 06 2025,0.3,3.0,3,0,0.081
123_nescafe-ca-phe-den-da_B_crop_2.jpg,date,9 tháng trước hạn sử dụng,19 tháng trước hạn sừ đung,0.16,0.5,4,0,0.159
124_hat-nem-aji-ngon_F_crop_0.jpg,brand,AJINOMOTO,AJINOMOTO,0.0,0.0,0,1,0.061
125_hat-nem-aji-ngon_F_crop_0.jpg,name,Hạt nêm,Hạt nêm,0.0,0.0,0,1,0.053
126_hat-nem-aji-ngon_F_crop_0.jpg,brand,AJINOMOTO,AJINOMOTO,0.0,0.0,0,1,0.061
126_hat-nem-aji-ngon_F_crop_1.jpg,name,Hạt nêm,Hạt nêm,0.0,0.0,0,1,0.05
126_hat-nem-aji-ngon_F_crop_2.jpg,weight,200 g,200 g,0.0,0.0,0,1,0.039
128_xot-gia-vi-thit-nuong-ngu-vi_B_crop_1.jpg,name,Xốt Gia Vị Hoàn Chỉnh THỊT NƯỚNG NGŨ VỊ,Xốt Gia Vị Hoàn Chỉnh NƯỚNG NGƯỚNG NGƯỚNG NGƯỚNG NGƯỚNG NGƯỚNG NGƯỚNG NG NGƯỚNG NGƯỚNG NGỚNG NGỚNG NGƯỚNG NGỚNG NGỚN,2.1538461538461537,1.6666666666666667,84,0,0.714
130_xot-gia-vi-nuong-bbq_B_crop_2.jpg,date,31.10.24,31.10.24,0.0,0.0,0,1,0.057
130_xot-gia-vi-nuong-bbq_B_crop_3.jpg,date,30.01.26,30.01 26,0.125,2.0,1,0,0.055
131_xot-gia-vi-canh-chua_F_crop_2.jpg,weight,80 g,80 g,0.0,0.0,0,1,0.036
133_gia-vi-ca-kho_F_crop_3.jpg,weight,300g,300g,0.0,0.0,0,1,0.034
134_gia-vi-canh-chua_F_crop_0.jpg,brand,Knorr,Knorr,0.0,0.0,0,1,0.047
134_gia-vi-canh-chua_F_crop_1.jpg,name,Gia vị Hoàn Chính CANH CHUA,Gia Phựng Goán Coán Chanh Canh,0.5185185185185185,0.8333333333333334,14,0,0.187
135_gia-vi-canh-chua_B_crop_0.jpg,date,140624,140624,0.0,0.0,0,1,0.049
135_gia-vi-canh-chua_B_crop_1.jpg,date,140625,140625,0.0,0.0,0,1,0.046
135_gia-vi-canh-chua_B_crop_2.jpg,weight,30 g,30 g,0.0,0.0,0,1,0.034
136_gia-vi-ca-kho_F_crop_1.jpg,name,Gia vị Hoàn Chỉnh CÁ KHO,Gia Hướng Chỉnh CHUA CHUA,0.5,0.6666666666666666,12,0,0.16
137_gia-vi-ca-kho_B_crop_0.jpg,date,191124,19124,0.16666666666666666,1.0,1,0,0.039
137_gia-vi-ca-kho_B_crop_1.jpg,date,190925,190925,0.0,0.0,0,1,0.044
139_gia-vi-thit-kho_B_crop_0.jpg,date,221124,221124,0.0,0.0,0,1,0.046
139_gia-vi-thit-kho_B_crop_1.jpg,date,221125,22125,0.16666666666666666,1.0,1,0,0.04
139_gia-vi-thit-kho_B_crop_2.jpg,weight,28 g,28g,0.25,1.0,1,0,0.029
140_cot-pho-bo_F_crop_0.jpg,brand,ÔngChàVà,Ông Chà Và,0.25,3.0,2,0,0.073
140_cot-pho-bo_F_crop_1.jpg,name,Cốt Phở Bò,Cốa Bô,0.6,1.0,6,0,0.068
140_cot-pho-bo_F_crop_2.jpg,weight,90 g,90 g,0.0,0.0,0,1,0.035
141_cot-pho-bo_B_crop_1.jpg,brand,Ông Chà Và,Ông Chà Và,0.0,0.0,0,1,0.067
142_gia-vi-nem-lau-thai_F_crop_0.jpg,brand,AJINOMOTO,AJINOMOTO,0.0,0.0,0,1,0.066
143_gia-vi-bo-kho_F_crop_1.jpg,weight,18G,18G,0.0,0.0,0,1,0.036
147_bot-ngu-vi-huong_F_crop_1.jpg,date,20/11/2024,15 10 25,0.75,3.0,6,0,0.057
147_bot-ngu-vi-huong_F_crop_2.jpg,date,20/11/2026,55 15.25,0.75,2.0,6,0,0.062
148_bot-ngu-vi-huong_F_crop_0.jpg,name,BỘT Ngũ vị hương,NGŨ VỊ HƯƠNG,0.25,0.25,4,0,0.122
148_bot-ngu-vi-huong_F_crop_1.jpg,weight,10g,10g,0.0,0.0,0,1,0.029
149_bot-ngu-vi-huong_F_crop_1.jpg,brand,Thành Lộc Foods,Thành Lộc Diên,0.3333333333333333,0.3333333333333333,5,0,0.093
150_bot-ngu-vi-huong_B_crop_0.jpg,date,101124,101124,0.0,0.0,0,1,0.045
150_bot-ngu-vi-huong_B_crop_1.jpg,weight,20 g,20 g,0.0,0.0,0,1,0.047
150_bot-ngu-vi-huong_B_crop_2.jpg,weight,15g,15g,0.0,0.0,0,1,0.03
151_bot-cary_F_crop_0.jpg,brand,Vianco,Vianco,0.0,0.0,0,1,0.054
151_bot-cary_F_crop_2.jpg,brand,CÀRY VIỆT ẤN,CÀRY VIỆT ẤN,0.0,0.0,0,1,0.09
152_bot-cary_B_crop_0.jpg,name,BỘT CÀRY,BỘT CÀRY,0.0,0.0,0,1,0.066
152_bot-cary_B_crop_1.jpg,date,15.10.2024,05.03.25,0.6,1.0,6,0,0.064
152_bot-cary_B_crop_2.jpg,date,15.10.2026,55 5.5.25,0.7,2.0,7,0,0.105
152_bot-cary_B_crop_3.jpg,weight,10g,10 g,0.3333333333333333,2.0,1,0,0.044
153_bot-cary_F_crop_0.jpg,name,Cà ri Tương Dâu,Gà ri Dàn,0.6,0.75,9,0,0.078
153_bot-cary_F_crop_1.jpg,weight,20 g,20 g,0.0,0.0,0,1,0.036
155_bot-cary_F_crop_0.jpg,name,CAU Bột Cari,Ca Biên Chỉnh Ca Canh,1.25,1.6666666666666667,15,0,0.14
156_tieu-den-xay_F_crop_0.jpg,brand,Dh Foods,Dh Foods,0.0,0.0,0,1,0.059
159_ot-bot_F_crop_1.jpg,name,Ớt Bột,ớt Bột,0.0,0.0,0,1,0.044
161_tieu-den-xay_F_crop_0.jpg,brand,Vipep,Vipep,0.0,0.0,0,1,0.041
161_tieu-den-xay_F_crop_2.jpg,weight,50 g,50 g,0.0,0.0,0,1,0.034
163_ca-chua-co-dac_F_crop_0.jpg,name,Cà Chua Cô đặc,Cang oa cay,0.7142857142857143,1.0,10,0,0.083
163_ca-chua-co-dac_F_crop_1.jpg,brand,Ông Chà Và,Ông Chà Và,0.0,0.0,0,1,0.072
163_ca-chua-co-dac_F_crop_2.jpg,weight,210g,210g,0.0,0.0,0,1,0.036
165_nuoc-cot-dua-tuoi_F_crop_2.jpg,weight,400 ml,400 ml,0.0,0.0,0,1,0.046
167_muoi-tom_F_crop_1.jpg,weight,90 g,90 g,0.0,0.0,0,1,0.034
169_muoi-tom_F_crop_1.jpg,date,07-11-2024,07-11-2024,0.0,0.0,0,1,0.07
169_muoi-tom_F_crop_2.jpg,weight,100g,100g,0.0,0.0,0,1,0.033
170_muoi-cham-hao-hao_F_crop_0.jpg,brand,ACECOOK,ACECOOK,0.0,0.0,0,1,0.05
170_muoi-cham-hao-hao_F_crop_2.jpg,weight,120 g,120 g,0.0,0.0,0,1,0.041
172_xot-salad-me-rang_F_crop_0.jpg,brand,GOLDEN FARM,GOLDEN FARM,0.0,0.0,0,1,0.073
172_xot-salad-me-rang_F_crop_1.jpg,name,Xốt Salad Mè Rang,Xốt Salad Mè Rang,0.0,0.0,0,1,0.112
172_xot-salad-me-rang_F_crop_2.jpg,weight,250 ml,250 ml,0.0,0.0,0,1,0.044
175_xot-salad-me-rang_B_crop_1.jpg,date,20.11.2024,20.11.2024,0.0,0.0,0,1,0.068
175_xot-salad-me-rang_B_crop_2.jpg,date,20.11.2025,20.11.2025,0.0,0.0,0,1,0.067
176_nuoc-cham-me-rang_F_crop_0.jpg,brand,KEWPIE,KEWPIE,0.0,0.0,0,1,0.046
176_nuoc-cham-me-rang_F_crop_1.jpg,name,NƯỚC CHẤM MÈ RANG,NƯỚC CHẤM,0.47058823529411764,0.5,8,0,0.071
179_sot-cham-thit-nuong_F_crop_0.jpg,brand,ofood,ofood,0.0,0.0,0,1,0.043
179_sot-cham-thit-nuong_F_crop_2.jpg,weight,250 g,250 g,0.0,0.0,0,1,0.041
180_sot-cham-thit-nuong_B_crop_0.jpg,brand,ofood,ofood,0.0,0.0,0,1,0.041
181_muc-kho-xe-soi-vi-bo_F_crop_0.jpg,brand,KOCORI NATURALS,KOCORI,0.6,0.5,9,0,0.048
181_muc-kho-xe-soi-vi-bo_F_crop_2.jpg,weight,50 g,50 g,0.0,0.0,0,1,0.036
183_kho-bo_F_crop_1.jpg,name,KHÔ BÒ,KHÔ BÒ,0.0,0.0,0,1,0.047
184_kho-bo_B_crop_0.jpg,brand,HẢI CHÂU,HẢI CHÂU,0.0,0.0,0,1,0.058
184_kho-bo_B_crop_1.jpg,date,23/08/25,23/08/25,0.0,0.0,0,1,0.057
184_kho-bo_B_crop_2.jpg,weight,100 g,100 g,0.0,0.0,0,1,0.042
185_muc-rim-me_F_crop_1.jpg,name,Mực Rim Me,Nực Chanh,0.7,1.0,7,0,0.07
185_muc-rim-me_F_crop_2.jpg,weight,100 g,100 g,0.0,0.0,0,1,0.044
187_ca-du-chay-toi_F_crop_1.jpg,name,CÁ ĐÙ Cháy tỏi,Cá Đù Cha,0.42857142857142855,0.5,6,0,0.073
188_tep-say-gion_F_crop_0.jpg,brand,hainamfoods,hainamfoods,0.0,0.0,0,1,0.077
188_tep-say-gion_F_crop_1.jpg,name,tép sấy giòn,tép sấy,0.4166666666666667,0.3333333333333333,5,0,0.064
188_tep-say-gion_F_crop_2.jpg,weight,90g,90g,0.0,0.0,0,1,0.029
189_tep-say-gion_B_crop_0.jpg,date,06/11/2024,06/11/2024,0.0,0.0,0,1,0.074
189_tep-say-gion_B_crop_1.jpg,date,06/11/2025,06/11/2025,0.0,0.0,0,1,0.076
190_khoai-mon-say_F_crop_1.jpg,name,KHOAI MÔN SẤY,KHOAI MÔN SẤY,0.0,0.0,0,1,0.101
190_khoai-mon-say_F_crop_2.jpg,date,20/11/2024,10 L,0.75,2.0,6,0,0.035
190_khoai-mon-say_F_crop_3.jpg,date,20/11/2025,10/03.2025,0.5,1.0,4,0,0.068
191_khoai-mon-say_F_crop_2.jpg,date,20/11/2024,15 10 25,0.75,3.0,6,0,0.06
191_khoai-mon-say_F_crop_3.jpg,date,20/11/2025,10/03.2025,0.5,1.0,4,0,0.069
191_khoai-mon-say_F_crop_4.jpg,weight,100 g,100 g,0.0,0.0,0,1,0.04
193_khoai-lang-say_F_crop_0.jpg,brand,NHABEXIMS,NHABEXIMS,0.0,0.0,0,1,0.065
194_chuoi-say_F_crop_4.jpg,weight,100 g,100 g,0.0,0.0,0,1,0.04
195_socola-sua-cadbury-dairy-milk_F_crop_0.jpg,name,SÔCÔLA SỮA CADBURY DAIRY MILK,SÔOLA SỮA CADBURY DARK,0.27586206896551724,0.6,8,0,0.16
195_socola-sua-cadbury-dairy-milk_F_crop_2.jpg,date,450 ngày trước HSD,450 ngày trước HSD,0.0,0.0,0,1,0.113
196_banh-trang-ot_F_crop_1.jpg,brand,VIET SAN,VIET SAN,0.0,0.0,0,1,0.057
196_banh-trang-ot_F_crop_2.jpg,name,BÁNH TRÁNG ỚT,BÁNH TRÁNG ỚT,0.0,0.0,0,1,0.097
196_banh-trang-ot_F_crop_3.jpg,weight,280 g,280 g,0.0,0.0,0,1,0.039
197_banh-trang-ot_F_crop_3.jpg,brand,VIET SAN,VIET SAN,0.0,0.0,0,1,0.057
200_banh-trang_F_crop_0.jpg,name,BÁNH TRÁNG,BÁNH TRÁNG,0.0,0.0,0,1,0.07
200_banh-trang_F_crop_1.jpg,brand,VIET SAN,VIET SAN,0.0,0.0,0,1,0.056
201_banh-trang_F_crop_0.jpg,date,27/11/24,27/11/24,0.0,0.0,0,1,0.055
201_banh-trang_F_crop_1.jpg,date,02/12/24,02/12/24,0.0,0.0,0,1,0.057
201_banh-trang_F_crop_2.jpg,date,27/11/25,27/11/25,0.0,0.0,0,1,0.056
201_banh-trang_F_crop_3.jpg,name,BÁNH TRÁNG,BÁNH TRÁNG,0.0,0.0,0,1,0.07
201_banh-trang_F_crop_5.jpg,weight,160 g,160 g,0.0,0.0,0,1,0.039
202_banh-trang-thanh-long_F_crop_1.jpg,name,BÁNH TRÁNG Thanh Long,BÁNH TRÁNG,0.5238095238095238,0.5,11,0,0.073
204_mi-cai-bo-xoi_F_crop_0.jpg,brand,Le Brothers,Lond,0.8181818181818182,1.0,9,0,0.041
204_mi-cai-bo-xoi_F_crop_2.jpg,weight,200 g,200 g,0.0,0.0,0,1,0.039
208_mi-rau-cai-bo-xoi_F_crop_0.jpg,brand,ANPASO,ANPASO,0.0,0.0,0,1,0.045
209_mi-rau-cai-bo-xoi_B_crop_1.jpg,date,05/12/2024,05/12/2024,0.0,0.0,0,1,0.067
209_mi-rau-cai-bo-xoi_B_crop_2.jpg,date,05/10/2025,05/10/2025,0.0,0.0,0,1,0.066
210_thit-oc-mong-tay_F_crop_0.jpg,name,THỊT ỐC MÓNG TAY,THỊT ỐC MÓNG TAY,0.0,0.0,0,1,0.102
210_thit-oc-mong-tay_F_crop_1.jpg,weight,200G,200G,0.0,0.0,0,1,0.035
210_thit-oc-mong-tay_F_crop_2.jpg,weight,200G,200G,0.0,0.0,0,1,0.033
210_thit-oc-mong-tay_F_crop_3.jpg,date,07-01-2025,07-01-2025,0.0,0.0,0,1,0.065
210_thit-oc-mong-tay_F_crop_4.jpg,date,08-01-2025,08-01-2025,0.0,0.0,0,1,0.067
211_coi-so-diep_F_crop_0.jpg,name,CÒI SÒ ĐIỆP 100G,CÒI SÒ ĐIỆP 100G,0.0,0.0,0,1,0.101
211_coi-so-diep_F_crop_2.jpg,weight,100g,100g,0.0,0.0,0,1,0.033
214_cot-let_F_crop_1.jpg,brand,MEAT MASTER,MEAT MASTER,0.0,0.0,0,1,0.071
214_cot-let_F_crop_2.jpg,brand,MEAT MASTER,MEAT MASTER,0.0,0.0,0,1,0.074
215_banh-xop-kem-vi-dau_F_crop_0.jpg,brand,KINH DO COSY,COSY,0.6666666666666666,0.6666666666666666,8,0,0.037
215_banh-xop-kem-vi-dau_F_crop_1.jpg,name,BÁNH XỐP 2 TRONG 1 KEM VỊ DÂU THE LẠNH,BÁNH XỐN BẠN CHẤT,0.7105263157894737,0.9,27,0,0.109
215_banh-xop-kem-vi-dau_F_crop_2.jpg,weight,"59,5g","59,5g",0.0,0.0,0,1,0.041
215_banh-xop-kem-vi-dau_F_crop_3.jpg,date,040624,040624,0.0,0.0,0,1,0.046
215_banh-xop-kem-vi-dau_F_crop_4.jpg,date,040625,040625,0.0,0.0,0,1,0.045
216_banh-xop-kem-vi-dua_F_crop_4.jpg,weight,"59,5g","59,5g",0.0,0.0,0,1,0.039
217_banh-phong-tom_F_crop_0.jpg,brand,Vina Bich chi,VinaBid cli,0.3076923076923077,1.0,4,0,0.073
219_bo-thuc-vat_F_crop_0.jpg,name,BỘ THỰC VẬT,BƠ THỰC VẬT,0.09090909090909091,0.3333333333333333,1,0,0.074
219_bo-thuc-vat_F_crop_1.jpg,date,19 07 25,190725,0.25,1.0,2,0,0.047
219_bo-thuc-vat_F_crop_2.jpg,weight,200 g,200 g,0.0,0.0,0,1,0.038
220_bo-dau-phong_F_crop_1.jpg,name,BƠ ĐẬU PHỘNG,BƠ ĐẬU PHỘNG,0.0,0.0,0,1,0.08
220_bo-dau-phong_F_crop_2.jpg,weight,170g,170 g,0.25,2.0,1,0,0.038
221_bo-dau-phong_F_crop_1.jpg,weight,170 g,170 g,0.0,0.0,0,1,0.038
223_duong-kinh-trang_F_crop_1.jpg,name,đường kính trắng STANDARD WHITE SUGAR,đường kính trừnh SANDƯỚNG SARART,0.40540540540540543,0.6666666666666666,15,0,0.208
227_danisa_F_crop_0.jpg,name,Danisa,Danisa,0.0,0.0,0,1,0.059
227_danisa_F_crop_1.jpg,weight,454g,445g,0.5,1.0,2,0,0.033
229_hat-huong-duong_F_crop_0.jpg,brand,YẾN NHUNG,YẾN NHUNG,0.0,0.0,0,1,0.06
231_ot-hiem_F_crop_0.jpg,name,ỚT HIỂM,ỚT HIÊM,0.14285714285714285,0.5,1,0,0.051
231_ot-hiem_F_crop_3.jpg,weight,50g,50g,0.0,0.0,0,1,0.028
232_bun-tuoi_F_crop_1.jpg,name,Bún Tươi,Bùn Tươi,0.125,0.5,1,0,0.063
232_bun-tuoi_F_crop_3.jpg,date,18.11.24,18.11.24,0.0,0.0,0,1,0.054
232_bun-tuoi_F_crop_4.jpg,date,20.11.24,20.11.24,0.0,0.0,0,1,0.055
233_suon-non-heo_F_crop_1.jpg,date,18.11.2024,18.11.2024,0.0,0.0,0,1,0.066
233_suon-non-heo_F_crop_2.jpg,date,19.11.2024,19.11.2024,0.0,0.0,0,1,0.066
233_suon-non-heo_F_crop_4.jpg,weight,"0,214 kg",0.214 kg,0.125,0.5,1,0,0.055
234_mam-ruoc-hue_F_crop_1.jpg,name,MẮM RUỐC HUẾ,MẮM RỪ RUÊ,0.4166666666666667,0.6666666666666666,5,0,0.072
236_ot-trai-ngam-chua-ngot_B_crop_0.jpg,date,09 tháng kể từ NSX,09 tháng kể từ NSX,0.0,0.0,0,1,0.113
236_ot-trai-ngam-chua-ngot_B_crop_1.jpg,date,26.08.24,26.08.24,0.0,0.0,0,1,0.057
237_ot-trai-ngam-chua-ngot_B_crop_0.jpg,brand,Sông Hương Foods,Sông Hương Foods,0.0,0.0,0,1,0.109
237_ot-trai-ngam-chua-ngot_B_crop_1.jpg,brand,Sông Hương foods,Sông Hương Foods,0.0,0.0,0,1,0.104
237_ot-trai-ngam-chua-ngot_B_crop_2.jpg,name,ớt trái ngâm chua ngọt,ớt trái ngàm nước nướng nước,0.5909090909090909,0.8,13,0,0.179
238_cu-cai-muoi-xa-bau_F_crop_0.jpg,brand,MINHHA FOODS,MINHHA,0.5,0.5,6,0,0.048
238_cu-cai-muoi-xa-bau_F_crop_1.jpg,name,CỦ CẢI MUỐI XÁ BẤU,GÙN CỚI XUỐI,0.6666666666666666,1.0,12,0,0.089
238_cu-cai-muoi-xa-bau_F_crop_2.jpg,weight,200 g,200 g,0.0,0.0,0,1,0.039
240_xot-gia-vi-kho-mia_F_crop_1.jpg,weight,60 g,60 g,0.0,0.0,0,1,0.033
241_organic-oat-creamy_F_crop_0.jpg,brand,PURE HARVEST,PURVEST,0.4166666666666667,1.0,5,0,0.062
241_organic-oat-creamy_F_crop_2.jpg,weight,1L,1L,0.0,0.0,0,1,0.023
242_organic-oat-creamy_T_crop_0.jpg,brand,PURE HARVEST,PURE HARVEST,0.0,0.0,0,1,0.078
242_organic-oat-creamy_T_crop_1.jpg,date,09-05-2025,09-05-2025,0.0,0.0,0,1,0.068
242_organic-oat-creamy_T_crop_2.jpg,date,09-05-2024,09-05-2024,0.0,0.0,0,1,0.067
242_organic-oat-creamy_T_crop_3.jpg,name,Organic Oat Creamy,Organic Oat Unswwetened,0.5555555555555556,0.3333333333333333,10,0,0.149
243_organic-oat-original_F_crop_0.jpg,brand,PURE HARVEST,PURE HARVEST,0.0,0.0,0,1,0.091
244_organic-oat-original_T_crop_1.jpg,date,23-05-2025,23-05-2025,0.0,0.0,0,1,0.067
244_organic-oat-original_T_crop_2.jpg,date,23-05-2024,23-05-2024,0.0,0.0,0,1,0.066
245_organic-oat-unsweetened_F_crop_0.jpg,brand,PŪRE HARVEST,PURVEST,0.45454545454545453,1.0,5,0,0.061
245_organic-oat-unsweetened_F_crop_1.jpg,name,Organic Oat Unsweetened,Organic Oalll,0.5652173913043478,0.6666666666666666,13,0,0.091
246_organic-oat-unsweetened_T_crop_3.jpg,name,Organic Almond Unsweetened,Organic Almond Oralll,0.4230769230769231,0.3333333333333333,11,0,0.132
247_organic-oat-unsweetened_F_crop_0.jpg,brand,PURE HARVEST,PURE HARVEST,0.0,0.0,0,1,0.085
248_coconut-cookies_F_crop_1.jpg,name,COCONUT COOKIES,COCONUT COOKI,0.13333333333333333,0.5,2,0,0.093
248_coconut-cookies_F_crop_2.jpg,weight,160g,160g,0.0,0.0,0,1,0.053
249_chocolate-cookies_F_crop_0.jpg,brand,Richwell,Richwell,0.0,0.0,0,1,0.061
250_chocolate-cookies_B_crop_0.jpg,brand,Richwell,Richwell,0.0,0.0,0,1,0.078
250_chocolate-cookies_B_crop_3.jpg,name,CHOCOLATE COOKIES,CHOCOLATE COOKIES,0.0,0.0,0,1,0.126
250_chocolate-cookies_B_crop_4.jpg,weight,160g,160g,0.0,0.0,0,1,0.033
251_nam-bung-de_F_crop_0.jpg,brand,nấm PHÚ GIA,nấm,0.7272727272727273,0.6666666666666666,8,0,0.028
251_nam-bung-de_F_crop_1.jpg,name,NẤM BỤNG DÊ,NẤM BÊ,0.45454545454545453,0.6666666666666666,5,0,0.048
252_nam-bung-de_B_crop_0.jpg,name,NẤM BỤNG DÊ,NẤM BỤNG DÊ,0.0,0.0,0,1,0.073
252_nam-bung-de_B_crop_1.jpg,date,20/11/2024,20/11/2024,0.0,0.0,0,1,0.066
252_nam-bung-de_B_crop_2.jpg,date,20/11/2025,20/11/2025,0.0,0.0,0,1,0.067
252_nam-bung-de_B_crop_3.jpg,weight,30 g,30 g,0.0,0.0,0,1,0.033
253_nam-huong_B_crop_0.jpg,name,NẤM HƯƠNG,NẤM HƯƠNG,0.0,0.0,0,1,0.061
253_nam-huong_B_crop_1.jpg,date,10/12/2024,10/12/2024,0.0,0.0,0,1,0.066
253_nam-huong_B_crop_2.jpg,date,10/12/2025,10/12/2025,0.0,0.0,0,1,0.066
253_nam-huong_B_crop_3.jpg,weight,100g,100g,0.0,0.0,0,1,0.032
254_nam-huong_F_crop_0.jpg,brand,nấm PHÚ GIA,nấm,0.7272727272727273,0.6666666666666666,8,0,0.028
254_nam-huong_F_crop_1.jpg,name,HƯƠNG NẤM,NẤM CHIA,1.0,1.0,9,0,0.064
256_nam-thai-duong_B_crop_0.jpg,name,Nấm Thái Dương,Nấm Thái Dương,0.0,0.0,0,1,0.095
256_nam-thai-duong_B_crop_1.jpg,date,20/11/2024,10/03.2025,0.625,1.0,5,0,0.064
256_nam-thai-duong_B_crop_2.jpg,date,20/11/2025,15 10 2025,0.625,3.0,5,0,0.067
256_nam-thai-duong_B_crop_3.jpg,weight,70 g,70 g,0.0,0.0,0,1,0.033
257_moc-nhi-bao-tu_F_crop_0.jpg,brand,nấm PHÚ GIA,nấm,0.7272727272727273,0.6666666666666666,8,0,0.028
258_moc-nhi-bao-tu_B_crop_1.jpg,date,10/12/2024,10/12/2024,0.0,0.0,0,1,0.067
258_moc-nhi-bao-tu_B_crop_2.jpg,date,10/12/2025,10/12/2025,0.0,0.0,0,1,0.067
258_moc-nhi-bao-tu_B_crop_3.jpg,weight,70 g,70 g,0.0,0.0,0,1,0.034
259_nam-dong-co-kho_F_crop_0.jpg,brand,Tram Anh FOOD,Tram Anh Foods,0.07692307692307693,0.3333333333333333,1,0,0.09
259_nam-dong-co-kho_F_crop_1.jpg,name,Nấm ĐÔNG CÔ KHÔ,Nấm Kho,0.6,0.75,9,0,0.056
262_ghe-sua-tam-me-say-gion_F_crop_0.jpg,brand,CHOICE L,CHOICE L,0.0,0.0,0,1,0.055
262_ghe-sua-tam-me-say-gion_F_crop_2.jpg,weight,120 g,120 g,0.0,0.0,0,1,0.04
265_bun-rieu-chay_F_crop_0.jpg,brand,Ông Chà Và,Ông Chà Và,0.0,0.0,0,1,0.071
265_bun-rieu-chay_F_crop_1.jpg,name,Bún Riêu Chay,BẤN RỪi,0.6923076923076923,1.0,9,0,0.059
266_ruoc-tam-gia-vi-say-gion_F_crop_0.jpg,brand,CHOICE L,CHOICE L,0.0,0.0,0,1,0.056
266_ruoc-tam-gia-vi-say-gion_F_crop_2.jpg,weight,200 g,200 g,0.0,0.0,0,1,0.04
267_ruoc-tam-gia-vi-say-gion_B_crop_3.jpg,brand,CHOICE L,CHOICE L,0.0,0.0,0,1,0.057
268_kho-muc-xe-tam-gia-vi_F_crop_1.jpg,name,Khô Mực Xé Tẩm Gia Vị,Khô Mực Xá Sấ Vị Chỉnh Chỉ,0.6666666666666666,0.8333333333333334,14,0,0.164
269_kho-muc-xe-tam-gia-vi_B_crop_3.jpg,weight,100g,100g,0.0,0.0,0,1,0.034
270_hu-tieu-chay_F_crop_0.jpg,brand,Ông Chà Và,Ông Chà Và,0.0,0.0,0,1,0.071
270_hu-tieu-chay_F_crop_1.jpg,name,HỦ TIẾU Chay,BẠ THÔNG,0.8333333333333334,1.0,10,0,0.068
270_hu-tieu-chay_F_crop_2.jpg,weight,126 g,126 g,0.0,0.0,0,1,0.039
272_kho-ca-bong-cat-soi_F_crop_0.jpg,brand,CHOICE L,CHOICE L,0.0,0.0,0,1,0.055
272_kho-ca-bong-cat-soi_F_crop_2.jpg,weight,150 g,150 g,0.0,0.0,0,1,0.04
273_kho-ca-bong-cat-soi_B_crop_0.jpg,brand,CHOICE L,CHOICE L,0.0,0.0,0,1,0.054
273_kho-ca-bong-cat-soi_B_crop_1.jpg,date,04/12/2024,04/12/2024,0.0,0.0,0,1,0.067
273_kho-ca-bong-cat-soi_B_crop_2.jpg,date,04/12/2025,04/12/2025,0.0,0.0,0,1,0.067
274_muc-rim-me_T_crop_0.jpg,name,Mực Rim Me,Mức Rim Me,0.1,0.3333333333333333,1,0,0.07
274_muc-rim-me_T_crop_1.jpg,date,20/08/2024,20/08/2024,0.0,0.0,0,1,0.066
274_muc-rim-me_T_crop_2.jpg,date,20/08/2025,20/08/2025,0.0,0.0,0,1,0.065
275_muc-rim-me_F_crop_0.jpg,brand,CHOICE L,CHOICE L,0.0,0.0,0,1,0.057
275_muc-rim-me_F_crop_2.jpg,weight,90 g,90 g,0.0,0.0,0,1,0.035
276_kho-bo-xe-cay_F_crop_2.jpg,weight,145 g,145 g,0.0,0.0,0,1,0.042
276_kho-bo-xe-cay_F_crop_3.jpg,date,16/09/25,10/09/25,0.16666666666666666,1.0,1,0,0.055
277_kho-bo-xe-cay_F_crop_2.jpg,date,16/09/25,16/09/25,0.0,0.0,0,1,0.055
278_xot-spaghetti_F_crop_1.jpg,brand,OTTOGI,OTTOGI,0.0,0.0,0,1,0.044
278_xot-spaghetti_F_crop_2.jpg,weight,110g,110g,0.0,0.0,0,1,0.032
279_xot-spaghetti_B_crop_0.jpg,date,19.12.2024,19.12.2024,0.0,0.0,0,1,0.066
279_xot-spaghetti_B_crop_1.jpg,date,19.12.2025,19.12.2025,0.0,0.0,0,1,0.065
280_banh-hoi_F_crop_0.jpg,brand,Sa Giang,Sang,0.5,1.0,4,0,0.035
280_banh-hoi_F_crop_1.jpg,name,Bánh Hỏi,Bánh Hỏi,0.0,0.0,0,1,0.066
280_banh-hoi_F_crop_2.jpg,brand,Sa Giang,Sa Giang,0.0,0.0,0,1,0.063
282_rong-nho-tach-nuoc_F_crop_1.jpg,name,RONG NHO TÁCH NƯỚC,RONG NHO TÁCH NƯỚC,0.0,0.0,0,1,0.112
284_rong-bien-gion-tron-gia-vi_F_crop_0.jpg,brand,ofood,ofood,0.0,0.0,0,1,0.038
285_rong-bien-gion-tron-gia-vi_F_crop_0.jpg,brand,ofood,ofood,0.0,0.0,0,1,0.038
285_rong-bien-gion-tron-gia-vi_F_crop_1.jpg,name,Rong biển giòn trộn gia vị ,Rong Dong,0.7307692307692307,0.8333333333333334,19,0,0.076
285_rong-bien-gion-tron-gia-vi_F_crop_2.jpg,weight,40 g,40 g,0.0,0.0,0,1,0.034
286_banh-phong_F_crop_0.jpg,brand,Sa Giang,Gng GiSa Giang,0.75,1.0,6,0,0.093
286_banh-phong_F_crop_2.jpg,brand,Sa Giang,Sa Giang,0.0,0.0,0,1,0.062
288_banh-phong-tom_F_crop_0.jpg,brand,CHOICE L,CHOICE L,0.0,0.0,0,1,0.057
290_rong-bien_F_crop_3.jpg,weight,40 g,40 g,0.0,0.0,0,1,0.034
291_banh-phong-gao-lut_F_crop_2.jpg,name,BÁNH PHỒNG GẠO LỨT,BÁNH PHỒNG GẠO LÚT,0.05555555555555555,0.25,1,0,0.126
293_banh-trang-gao_F_crop_2.jpg,date,31\10\2024,31\10\2024,0.0,0.0,0,1,0.066
293_banh-trang-gao_F_crop_3.jpg,date,02\11\2024,02\11\2024,0.0,0.0,0,1,0.069
293_banh-trang-gao_F_crop_4.jpg,date,31\10\2025,31\10\2025,0.0,0.0,0,1,0.073
293_banh-trang-gao_F_crop_5.jpg,weight,100 g,100 g,0.0,0.0,0,1,0.038
293_banh-trang-gao_F_crop_6.jpg,date,12 tháng kể từ ngày sản xuất.,12 tháng kể từ ngày sản xuất.,0.0,0.0,0,1,0.181
294_banh-trang-gao_B_crop_0.jpg,brand,Mikiri,Mikiri,0.0,0.0,0,1,0.049
294_banh-trang-gao_B_crop_2.jpg,weight,100 g,100 g,0.0,0.0,0,1,0.038
297_banh-trang_F_crop_0.jpg,name,BÁNH TRÁNG,BÁNH TRÁNG,0.0,0.0,0,1,0.075
297_banh-trang_F_crop_1.jpg,weight,400 g,400 g,0.0,0.0,0,1,0.038
298_banh-trang-khong-nhung-nuoc_F_crop_0.jpg,brand,CHOICE L,CHOICE L,0.0,0.0,0,1,0.056
298_banh-trang-khong-nhung-nuoc_F_crop_1.jpg,name,Bánh Tráng Không Nhúng Nước,Bánh Tháng Không Nhịng Nước,0.07407407407407407,0.4,2,0,0.172
298_banh-trang-khong-nhung-nuoc_F_crop_2.jpg,weight,200 g,200 g,0.0,0.0,0,1,0.039
299_banh-trang-khong-nhung-nuoc_B_crop_1.jpg,date,21/12/2024,21/12/2024,0.0,0.0,0,1,0.068
299_banh-trang-khong-nhung-nuoc_B_crop_2.jpg,date,26/12/2024,26/12/2024,0.0,0.0,0,1,0.07
299_banh-trang-khong-nhung-nuoc_B_crop_3.jpg,date,21/12/2025,21/12/2025,0.0,0.0,0,1,0.07
300_banh-trang-nuong_F_crop_0.jpg,brand,Mikiri,Mikiri,0.0,0.0,0,1,0.053
300_banh-trang-nuong_F_crop_1.jpg,name,BÁNH TRÁNG NƯỚNG,BÁNH TRÁNG NƯỚNG,0.0,0.0,0,1,0.113
301_banh-trang_F_crop_2.jpg,weight,300 gam,300,0.5714285714285714,0.5,4,0,0.029
303_banh-phong-gao-lut_F_crop_3.jpg,weight,100 g,100 g,0.0,0.0,0,1,0.039
304_gia-vi-rac-com_F_crop_0.jpg,brand,Enzy,Enzy,0.0,0.0,0,1,0.035
304_gia-vi-rac-com_F_crop_2.jpg,weight,30 g,30 g,0.0,0.0,0,1,0.033
305_gia-vi-rac-com_B_crop_2.jpg,weight,30 g,30 g,0.0,0.0,0,1,0.035
306_kho-bo-uc_F_crop_0.jpg,date,29/03/2024,29/03/2024,0.0,0.0,0,1,0.07
306_kho-bo-uc_F_crop_1.jpg,date,29/08/2025,29/08/2025,0.0,0.0,0,1,0.067
306_kho-bo-uc_F_crop_4.jpg,weight,30 g,30 g,0.0,0.0,0,1,0.034
307_thi-bo-kho_F_crop_0.jpg,brand,TUYEN KY FOOD 1948,TUYEN KY FOOD 100000 200005,0.6666666666666666,0.5,12,0,0.168
307_thi-bo-kho_F_crop_1.jpg,name,Thịt Bò Khô,Thịt BÒ Khô,0.0,0.0,0,1,0.075
307_thi-bo-kho_F_crop_2.jpg,brand,TUYỀN KÝ,TUYÊN KÝ,0.125,0.5,1,0,0.058
307_thi-bo-kho_F_crop_5.jpg,weight,150g,150 g,0.25,2.0,1,0,0.041
309_muc-nuong-can-duoi-tam-ot_B_crop_0.jpg,name,MỰC NƯỚNG CÁN DƯỠI TẨM ỚT,MỰC NƯỚNG CÁN TRƯỚNG T TRƯỚNG VỊ T NƯỚNG,0.84,1.0,21,0,0.249
313_thit-bo-kho_F_crop_2.jpg,brand,TUYEN KY FOOD 1948,TUYEN KY FOOD,0.2777777777777778,0.25,5,0,0.084
313_thit-bo-kho_F_crop_4.jpg,weight,60 g,60 g,0.0,0.0,0,1,0.034
314_nui-no_F_crop_1.jpg,name,Nui Nơ,Nui Nơ,0.0,0.0,0,1,0.047
315_nui-no_F_crop_0.jpg,name,Nui Nơ,Nui Nơ,0.0,0.0,0,1,0.047
316_lap-xuong_F_crop_0.jpg,brand,wyn,wym,0.3333333333333333,1.0,1,0,0.031
316_lap-xuong_F_crop_2.jpg,weight,500 g,500 g,0.0,0.0,0,1,0.04
318_dates-dried-fruit_F_crop_0.jpg,brand,BAKALLAND,BAKALLAND,0.0,0.0,0,1,0.066
319_dates-dried-fruit_T_crop_2.jpg,brand,BAKALLAND,BAKALLAND,0.0,0.0,0,1,0.068
320_banh-quy-lua-mi_D_crop_1.jpg,brand,McVitie's Digestive Minis,Mc Vitie''s Digestive Minis,0.041666666666666664,0.6666666666666666,1,0,0.168
322_snack-que-nhan-sua_F_crop_0.jpg,brand,Oishi,Oishi,0.0,0.0,0,1,0.039
326_socola-nhan-kem-ca-phe_B_crop_0.jpg,weight,64 g,64 g,0.0,0.0,0,1,0.033
326_socola-nhan-kem-ca-phe_B_crop_1.jpg,date,17/12/24,17/12/24,0.0,0.0,0,1,0.055
326_socola-nhan-kem-ca-phe_B_crop_2.jpg,date,17/06/26,17/06/26,0.0,0.0,0,1,0.057
328_socola-sua-nhan-hat-sen_B_crop_0.jpg,weight,72 g,72 g,0.0,0.0,0,1,0.032
329_socola-sua_F_crop_2.jpg,weight,100 G,100 G,0.0,0.0,0,1,0.038
330_socola-sua_B_crop_0.jpg,brand,MR.VIET,MR.VIET,0.0,0.0,0,1,0.051
330_socola-sua_B_crop_1.jpg,date,04/11/2024,04/11/2024,0.0,0.0,0,1,0.069
330_socola-sua_B_crop_2.jpg,date,03/11/2025,03/11/2025,0.0,0.0,0,1,0.066
331_socola-den_F_crop_0.jpg,brand,Beryl's,Beryl's,0.0,0.0,0,1,0.052
331_socola-den_F_crop_1.jpg,name,Dark Chocolate Coklat Hitam,Dark Chocolate Cokat Cokat,0.18518518518518517,0.5,5,0,0.157
331_socola-den_F_crop_2.jpg,weight,90g,90g,0.0,0.0,0,1,0.028
332_socola-trang-voi-banh-quy_F_crop_0.jpg,name,SÔCÔLA TRẮNG VỚI BÁNH QUY,SÔCÔLA TRẮNG VỚNG VỚNG VỚNG,0.36,0.6,9,0,0.157
332_socola-trang-voi-banh-quy_F_crop_1.jpg,brand,Kisses,Kisses,0.0,0.0,0,1,0.045
333_socola-trang-voi-banh-quy_F_crop_1.jpg,date,31/07/2024,10 2025,0.375,2.0,3,0,0.048
333_socola-trang-voi-banh-quy_F_crop_2.jpg,date,24/10/2025,10/03.2025,0.625,1.0,5,0,0.066
334_banh-xop-phu-socola-sua_F_crop_0.jpg,brand,Nestle,Nestle,0.0,0.0,0,1,0.044
334_banh-xop-phu-socola-sua_F_crop_2.jpg,weight,114 g,114 g,0.0,0.0,0,1,0.039
334_banh-xop-phu-socola-sua_F_crop_3.jpg,brand,KitKat,Kinat,0.3333333333333333,1.0,2,0,0.042
336_socola-dieu_F_crop_0.jpg,brand,HENK CHOCOLATE,HENK CHOCCCOCCCCCCCCCCCCCCCCCCCCCCCCCCCCCCCCCCCCCCCCCCCCCCCCCCCCCCCCCCCCCCCCCCCCCCCCCCCCCCCCCCCCCCCCCCCCCCCCCCCCCCCCCCCCCCCCCCCCC,8.5,0.5,119,0,0.735
336_socola-dieu_F_crop_1.jpg,name,SÔ CÔ LA Phủ Hạt ĐIỀU,SÔ CÔ LA LA,0.5714285714285714,0.5,12,0,0.078
336_socola-dieu_F_crop_2.jpg,weight,150G,3,1.0,1.0,4,0,0.017
338_socola-hanh-nhan_F_crop_0.jpg,brand,Beryl's,Beryl's,0.0,0.0,0,1,0.05
338_socola-hanh-nhan_F_crop_1.jpg,name,Almond White Chocolate,Almond White Chocolate,0.0,0.0,0,1,0.134
338_socola-hanh-nhan_F_crop_2.jpg,brand,TIRAMISU,TIRAMISU,0.0,0.0,0,1,0.06
339_socola-hanh-nhan_B_crop_0.jpg,brand,TIRAMISU,TIRAMISU,0.0,0.0,0,1,0.066
339_socola-hanh-nhan_B_crop_1.jpg,name,Sô cô la Beryl's Classic Tiramisu trắng hạnh nhân,Sô có la Bery'' Classic Tramisu tránh nhạn,0.22916666666666666,0.6666666666666666,11,0,0.275
340_splendeur-assortment_F_crop_0.jpg,brand,RINDA,RINDA,0.0,0.0,0,1,0.039
341_coconut-wafers_F_crop_2.jpg,weight,100 G,100 G,0.0,0.0,0,1,0.038
343_nabati_F_crop_0.jpg,name,Bánh Sôcôla (Dạng Xốp),Bánh Sôcôla (Dạng Xấpy,0.1,0.25,2,0,0.132
343_nabati_F_crop_1.jpg,brand,nabati,nabati,0.0,0.0,0,1,0.05
343_nabati_F_crop_2.jpg,weight,300 g,300 g,0.0,0.0,0,1,0.037
345_dream-cake_F_crop_1.jpg,weight,204 g,204 g,0.0,0.0,0,1,0.038
346_dream-cake_T_crop_2.jpg,brand,LOTTE,LOTTE,0.0,0.0,0,1,0.039
347_chocolate-sua_F_crop_0.jpg,brand,ARCHCAFÉ,ARCHCAFÉ,0.0,0.0,0,1,0.066
347_chocolate-sua_F_crop_1.jpg,name,Chocolate Sữa,Chocolate Sữa,0.0,0.0,0,1,0.085
347_chocolate-sua_F_crop_2.jpg,name,Bột Chocolate Sữa,Bột Chocolate Sữa,0.0,0.0,0,1,0.107
349_bot-hoa-tan-atiso_F_crop_1.jpg,name,BỘT HOÀ TAN ATISÔ,BỘT HOÀ TAN CÔ,0.23529411764705882,0.25,4,0,0.092
351_duong-tinh-luyen_F_crop_0.jpg,brand,BienHoa PURE,BienHoa Coods,0.4166666666666667,0.5,5,0,0.088
351_duong-tinh-luyen_F_crop_2.jpg,weight,1kg,1kg,0.0,0.0,0,1,0.028
352_sen-tuoi-say_F_crop_0.jpg,brand,Hata,Hata,0.0,0.0,0,1,0.035
354_hat-huong-duong-vi-dua_F_crop_0.jpg,brand,ChaCheer,ChaCheer,0.0,0.0,0,1,0.061
354_hat-huong-duong-vi-dua_F_crop_2.jpg,weight,40 g,40 g,0.0,0.0,0,1,0.033
355_hat-huong-duong-vi-dua_B_crop_0.jpg,brand,chatchee,chatchee,0.0,0.0,0,1,0.057
355_hat-huong-duong-vi-dua_B_crop_1.jpg,brand,ChaCheer,ChaCheer,0.0,0.0,0,1,0.057
356_hat-huong-duong-vi-ngu-vi-huong_F_crop_0.jpg,brand,ChatCheer,ChaCheer,0.1111111111111111,1.0,1,0,0.057
356_hat-huong-duong-vi-ngu-vi-huong_F_crop_2.jpg,weight,130 g,130 g,0.0,0.0,0,1,0.039
357_hat-huong-duong-vi-ngu-vi-huong_B_crop_0.jpg,brand,ChaCheer,ChaCheer Foods,0.75,1.0,6,0,0.088
358_hat-huong-duong_F_crop_0.jpg,brand,chatCheer,chatcheer,0.0,0.0,0,1,0.063
358_hat-huong-duong_F_crop_1.jpg,name,HẠT HƯỚNG DƯƠNG ORIGINAL FLAVOR,HẠT NHÂN NƯỚNG,0.7096774193548387,0.8,22,0,0.099
360_hat-chia_F_crop_0.jpg,brand,EPCO FOODS,EPCO FOODS,0.0,0.0,0,1,0.068
362_ca-phe-phin-giay_F_crop_1.jpg,name,CÀ PHÊ PHIN GIẤY,CÀ PHÊ SỮA TƯƠI,0.5,0.5,8,0,0.102
362_ca-phe-phin-giay_F_crop_2.jpg,name,CÀ PHÊ RANG XAY,CÀ PHÊ NƯỚNG,0.4666666666666667,0.5,7,0,0.079
362_ca-phe-phin-giay_F_crop_3.jpg,weight,100 g,100 g,0.0,0.0,0,1,0.039
364_ca-phe-rang-xay_F_crop_3.jpg,weight,500 g,500 g,0.0,0.0,0,1,0.038
366_tra-trai-cay-hat-chia_F_crop_1.jpg,brand,Fruit Tea with Chia seeds GU VIỆT,GU VIỆT,0.7878787878787878,0.7142857142857143,26,0,0.055
368_ngoi-sao-phuong-nam_F_crop_2.jpg,weight,380 g,380 g,0.0,0.0,0,1,0.039
369_banh-dua-nuong_F_crop_0.jpg,brand,CHOICE L,GICE CHOICE CARM,1.125,1.0,9,0,0.099
369_banh-dua-nuong_F_crop_1.jpg,name,BÁNH DỪA NƯỚNG - GẠO LỨT ĐẬU XANH -,BÁNH DỪỪN NƯỚNG DẠN TRƯỚNG,0.46875,0.7142857142857143,15,0,0.165
371_trung-ga-omega-3_F_crop_1.jpg,name,TRỨNG GÀ,TRỨNG GÀ,0.0,0.0,0,1,0.057
371_trung-ga-omega-3_F_crop_2.jpg,date,07-12-2023,07-12-2023,0.0,0.0,0,1,0.066
371_trung-ga-omega-3_F_crop_3.jpg,date,16-12-2023,15-12-2023,0.125,1.0,1,0,0.067
372_ca-mo-lam-sach_F_crop_0.jpg,name,CÁ MÓ LÀM SẠCH,CÁ MÓ LÀM SẠCH,0.0,0.0,0,1,0.094
372_ca-mo-lam-sach_F_crop_1.jpg,date,08/12/2023,08/12/2023,0.0,0.0,0,1,0.068
372_ca-mo-lam-sach_F_crop_2.jpg,date,09/12/2023,09/12/2023,0.0,0.0,0,1,0.071
373_dau-hu-ta_F_crop_0.jpg,date,281123,281123,0.0,0.0,0,1,0.045
373_dau-hu-ta_F_crop_1.jpg,date,181223,181223,0.0,0.0,0,1,0.047
373_dau-hu-ta_F_crop_3.jpg,weight,280 g,280 g,0.0,0.0,0,1,0.039
374_tori-canh-toi_F_crop_0.jpg,name,CANH TOI,CANH TOI,0.0,0.0,0,1,0.055
374_tori-canh-toi_F_crop_4.jpg,weight,"0,528","0,528",0.0,0.0,0,1,0.04
377_thit-co-bo-my-va-ba-roi-ba-my_F_crop_0.jpg,name,THỊT CỔ BÒ MỸ VÀ BA RỌI BÒ MỸ,THỊT CỒ BÒ MÝ BÒ BÒ BÒ BÒ BÒ BÒ C,0.4827586206896552,0.8888888888888888,14,0,0.216
377_thit-co-bo-my-va-ba-roi-ba-my_F_crop_1.jpg,date,07.11.2023,07.11.2023,0.0,0.0,0,1,0.094
377_thit-co-bo-my-va-ba-roi-ba-my_F_crop_2.jpg,date,05.12.2023,05.12.2023,0.0,0.0,0,1,0.094
377_thit-co-bo-my-va-ba-roi-ba-my_F_crop_3.jpg,date,07.05.2025,07.05.2025,0.0,0.0,0,1,0.073
379_nac-heo-xay_L_crop_1.jpg,weight,0.312 kg,0.312 kg,0.0,0.0,0,1,0.063
379_nac-heo-xay_L_crop_2.jpg,date,9.12.2023,9.12.2023,0.0,0.0,0,1,0.061
379_nac-heo-xay_L_crop_3.jpg,date,10.12.2023,10.12.2023,0.0,0.0,0,1,0.07
379_nac-heo-xay_L_crop_4.jpg,brand,CP,CP,0.0,0.0,0,1,0.029
380_nac-heo-xay_R_crop_3.jpg,weight,0.312 kg,0.312 kg,0.0,0.0,0,1,0.081
381_ba-roi-heo_F_crop_0.jpg,name,BA ROI HEO C.P,BA ROI HEO C.P,0.0,0.0,0,1,0.1
381_ba-roi-heo_F_crop_1.jpg,weight,0.302 kg,0.302 kg,0.0,0.0,0,1,0.061
382_hit-hop_D_crop_1.jpg,date,26/04/2023,26/04/2023,0.0,0.0,0,1,0.072
382_hit-hop_D_crop_2.jpg,date,26/04/2026,26/04/2026,0.0,0.0,0,1,0.072
382_hit-hop_D_crop_3.jpg,weight,340 g,340 g,0.0,0.0,0,1,0.044
383_so-than-bo_F_crop_3.jpg,weight,0.468,0.468,0.0,0.0,0,1,0.038
384_so-vun-ca-hoi-nauy_F_crop_0.jpg,name,S0-VUN CA HOI NAUY,GO-UUN CA HOI NAUY,0.17647058823529413,0.25,3,0,0.112
384_so-vun-ca-hoi-nauy_F_crop_1.jpg,date,13-01-24,13-01-24,0.0,0.0,0,1,0.056
384_so-vun-ca-hoi-nauy_F_crop_2.jpg,date,14-01-24,14-01-24,0.0,0.0,0,1,0.055
384_so-vun-ca-hoi-nauy_F_crop_3.jpg,weight,0.654,0.654,0.0,0.0,0,1,0.038
385_sot-uop-thit-han-quoc_F_crop_0.jpg,brand,O'Food,O'Food,0.0,0.0,0,1,0.045
385_sot-uop-thit-han-quoc_F_crop_2.jpg,name,Sốt ướp thịt kiểu Hàn Quốc vị cay,Sốt ướp thịt Vướng Hướng Hướng Vớng Vớn HỊ HỊtêt,0.8181818181818182,0.875,27,0,0.289
386_pho-mai-xong-khoi_F_crop_0.jpg,brand,GOODFOOD,GOODFOOD,0.0,0.0,0,1,0.056
386_pho-mai-xong-khoi_F_crop_2.jpg,date,05/07/2023,05/07/2023,0.0,0.0,0,1,0.067
386_pho-mai-xong-khoi_F_crop_3.jpg,date,04/07/2024,04/07/2024,0.0,0.0,0,1,0.066
387_sua-dau-nanh_F_crop_0.jpg,name,SỮA ĐẬU NÀNH,SỮA ĐẬU NÀNH,0.0,0.0,0,1,0.079
387_sua-dau-nanh_F_crop_1.jpg,brand,ICHIBAN,ICHIBAN,0.0,0.0,0,1,0.051
388_muc-mot-nang-sot-nuoc-mam_F_crop_3.jpg,weight,"0,226",0.226,0.2,1.0,1,0,0.04
389_ma-dui-ga_F_crop_1.jpg,weight,500 g,500 g,0.0,0.0,0,1,0.04
390_dui-toi-tuoi_F_crop_0.jpg,name,Đùi Tỏi Tươi,Đùi Tỏi Tươi,0.0,0.0,0,1,0.078
390_dui-toi-tuoi_F_crop_2.jpg,date,02/02/2024,02/02/2024,0.0,0.0,0,1,0.067
390_dui-toi-tuoi_F_crop_3.jpg,date,07/02/2024,07/02/2024,0.0,0.0,0,1,0.066
391_phi-le-ga-khong-da_F_crop_1.jpg,weight,500 g,500 g,0.0,0.0,0,1,0.037
391_phi-le-ga-khong-da_F_crop_2.jpg,date,02 02 2024,02 02 2024,0.0,0.0,0,1,0.069
391_phi-le-ga-khong-da_F_crop_3.jpg,date,04 02 2024,04 02 2024,0.0,0.0,0,1,0.07
392_phi-le-ga-khong-da_F_crop_0.jpg,name,Phi lê gà không da,Phi lê gà không da,0.0,0.0,0,1,0.118
394_phi-le-ga-khong-da_F_crop_3.jpg,weight,500 g,500 g,0.0,0.0,0,1,0.04
395_hat-dua_F_crop_1.jpg,brand,select,select,0.0,0.0,0,1,0.048
395_hat-dua_F_crop_2.jpg,date,05/12/2023,05/12/2023,0.0,0.0,0,1,0.066
395_hat-dua_F_crop_3.jpg,date,18/01/2024,18/01/2024,0.0,0.0,0,1,0.066
395_hat-dua_F_crop_5.jpg,date,12 tháng kể từ NSX,12 tháng kể từ NSX,0.0,0.0,0,1,0.111
397_xa-lach_F_crop_1.jpg,date,31/01/2024,31/01/2024,0.0,0.0,0,1,0.067
398_dua-leo_F_crop_0.jpg,name,Dưa Leo,Dưa Leo,0.0,0.0,0,1,0.05
398_dua-leo_F_crop_2.jpg,brand,Select,Select,0.0,0.0,0,1,0.048
399_tuong-ot_F_crop_1.jpg,date,14.12.23,14.12.23,0.0,0.0,0,1,0.055
399_tuong-ot_F_crop_2.jpg,date,14.12.24,14.12.24,0.0,0.0,0,1,0.056
399_tuong-ot_F_crop_3.jpg,weight,10 g,10 g,0.0,0.0,0,1,0.035
400_bot-ngu-vi-huong_B_crop_0.jpg,name,BỘT NGŨ VỊ HƯƠNG,BỘT NGŨ VỊ HƯƠNG,0.0,0.0,0,1,0.103
400_bot-ngu-vi-huong_B_crop_1.jpg,date,07.12.2023,15 10 2025,0.6,3.0,6,0,0.066
400_bot-ngu-vi-huong_B_crop_2.jpg,date,07.12.2025,10 g,0.8,2.0,8,0,0.034
402_uc-fillet-tuoi_F_crop_0.jpg,name,ức Fillet Tươi,ức Fillet Tươi,0.0,0.0,0,1,0.088
402_uc-fillet-tuoi_F_crop_1.jpg,weight,500 g,500 g,0.0,0.0,0,1,0.039
402_uc-fillet-tuoi_F_crop_2.jpg,date,08/03/2024,08/03/2024,0.0,0.0,0,1,0.065
402_uc-fillet-tuoi_F_crop_3.jpg,date,13/03/2024,13/03/2024,0.0,0.0,0,1,0.066
402_uc-fillet-tuoi_F_crop_4.jpg,weight,500 g,500 g,0.0,0.0,0,1,0.038
403_ma-dui-ga-cat-san_F_crop_1.jpg,date,3.2.2024,3.2.2024,0.0,0.0,0,1,0.054
403_ma-dui-ga-cat-san_F_crop_2.jpg,date,4.2.2024,4.2.2024,0.0,0.0,0,1,0.054
403_ma-dui-ga-cat-san_F_crop_3.jpg,weight,0.298 kg,0.298 kg,0.0,0.0,0,1,0.055
404_thit-xay_F_crop_0.jpg,name,THIT XAY C.P,THIT XAY C.P,0.0,0.0,0,1,0.079
404_thit-xay_F_crop_1.jpg,date,3.2.2024,3.2.2024,0.0,0.0,0,1,0.055
404_thit-xay_F_crop_2.jpg,date,4.2.2024,4.2.2024,0.0,0.0,0,1,0.054
405_nac-dam-heo_F_crop_1.jpg,date,3.2.2024,3.2.2024,0.0,0.0,0,1,0.055
405_nac-dam-heo_F_crop_2.jpg,date,4.2.2024,4.2.2024,0.0,0.0,0,1,0.055
405_nac-dam-heo_F_crop_3.jpg,weight,0.592 kg,0.592 kg,0.0,0.0,0,1,0.057
406_dui-goc-tu_F_crop_0.jpg,name,Đùi Góc Tư Tươi,Đùi Góc Tư Tươi,0.0,0.0,0,1,0.093
406_dui-goc-tu_F_crop_2.jpg,date,02/02/2024,02/02/2024,0.0,0.0,0,1,0.067
406_dui-goc-tu_F_crop_3.jpg,date,07/02/2024,07/02/2024,0.0,0.0,0,1,0.066
407_banh-gau-sua_F_crop_1.jpg,weight,500 g,500 g,0.0,0.0,0,1,0.038
408_bot-toi_F_crop_1.jpg,date,27/01/2024,27/01/2024,0.0,0.0,0,1,0.067
408_bot-toi_F_crop_2.jpg,date,27/01/2026,27/01/2026,0.0,0.0,0,1,0.066
411_tom-kho_B_crop_0.jpg,date,17/11/2023,17/11/2023,0.0,0.0,0,1,0.066
411_tom-kho_B_crop_1.jpg,date,6 tháng kể từ ngày sản xuất.,6 tháng kể từ ngày sản xuất.,0.0,0.0,0,1,0.17
412_hat-oc-cho_F_crop_0.jpg,name,Hạt óc chó,Hạt óc chó,0.0,0.0,0,1,0.065
413_xoai-say-deo_F_crop_0.jpg,name,Xoài sấy dẻo,Xoài dẻo,0.3333333333333333,0.3333333333333333,4,0,0.057
414_fillet-ca-hoi-con-da_F_crop_1.jpg,date,03-03-24,03-03-24,0.0,0.0,0,1,0.056
414_fillet-ca-hoi-con-da_F_crop_2.jpg,date,05-03-24,05-03-24,0.0,0.0,0,1,0.054
414_fillet-ca-hoi-con-da_F_crop_3.jpg,weight,"0,290","0,290",0.0,0.0,0,1,0.039
415_tom-su-tuoi_F_crop_0.jpg,name,TOM SU TUOI,TOM SU TUOI,0.0,0.0,0,1,0.072
417_thit-heo_F_crop_1.jpg,date,27/11/23,27/11/23,0.0,0.0,0,1,0.054
417_thit-heo_F_crop_2.jpg,date,29/11/23,29/11/23,0.0,0.0,0,1,0.056
418_phi-le-uc_F_crop_0.jpg,brand,JAFFA,JAFFA,0.0,0.0,0,1,0.042
418_phi-le-uc_F_crop_2.jpg,date,13-12-23,13-12-23,0.0,0.0,0,1,0.055
418_phi-le-uc_F_crop_3.jpg,date,15-12-23,15-12-23,0.0,0.0,0,1,0.054
418_phi-le-uc_F_crop_4.jpg,weight,"0,520","0,520",0.0,0.0,0,1,0.038
420_hat-hanh-nhan-va-bap-nuong_F_crop_0.jpg,name,HẠT HẠNH NHÂN VÀ BẮP NƯỚNG,HẠT HẠNH NHÂN VÀ BÁ BÁP NƯỚNG,0.15384615384615385,0.3333333333333333,4,0,0.18
421_bo-ngot-baby_F_crop_1.jpg,weight,250 g,250 g,0.0,0.0,0,1,0.039
421_bo-ngot-baby_F_crop_2.jpg,date,30/01/2024,30/01/2024,0.0,0.0,0,1,0.065
421_bo-ngot-baby_F_crop_3.jpg,date,02/02/2024,02/02/2024,0.0,0.0,0,1,0.066
422_cai-ngot-baby_F_crop_0.jpg,name,Cải ngọt baby,Cải ngọt baby,0.0,0.0,0,1,0.084
422_cai-ngot-baby_F_crop_1.jpg,weight,250 g,250 g,0.0,0.0,0,1,0.039
423_ngon-kho-qua-rung_F_crop_1.jpg,weight,200 g,200 g,0.0,0.0,0,1,0.043
424_dui-ga-thao-khop_F_crop_0.jpg,name,Đùi Gà Tháo Khớp,Đùi Gà Tháo Khớp,0.0,0.0,0,1,0.099
424_dui-ga-thao-khop_F_crop_1.jpg,date,27/01/2024,27/01/2024,0.0,0.0,0,1,0.095
424_dui-ga-thao-khop_F_crop_2.jpg,date,01/02/2024,01/02/2024,0.0,0.0,0,1,0.074
427_hung-lui_F_crop_2.jpg,date,29-01-2024,29-01-2024,0.0,0.0,0,1,0.065
427_hung-lui_F_crop_4.jpg,weight,50 g,50 g,0.0,0.0,0,1,0.032
428_hanh-la_F_crop_1.jpg,weight,100 g,100 g,0.0,0.0,0,1,0.039
428_hanh-la_F_crop_2.jpg,date,30/01/2024,30/01/2024,0.0,0.0,0,1,0.065
428_hanh-la_F_crop_3.jpg,date,4 ngày kể từ ngày đóng gói,4 ngày kể từ ngày đóng gói,0.0,0.0,0,1,0.154
429_ca-chi-vang-chay-toi_F_crop_0.jpg,name,Cái Chỉ Vàng Cháy Tỏi,Cái Chỉ Vàng Cháy Tỏ,0.047619047619047616,0.2,1,0,0.122
429_ca-chi-vang-chay-toi_F_crop_1.jpg,date,20/01/2024,20/01/2024,0.0,0.0,0,1,0.065
429_ca-chi-vang-chay-toi_F_crop_2.jpg,date,20/01/2025,20/01/2025,0.0,0.0,0,1,0.065
430_nho-vang_F_crop_1.jpg,brand,nutty,nutty,0.0,0.0,0,1,0.039
430_nho-vang_F_crop_2.jpg,date,09/12/2023,09/12/2023,0.0,0.0,0,1,0.066
430_nho-vang_F_crop_3.jpg,date,29/01/2024,29/01/2024,0.0,0.0,0,1,0.066
430_nho-vang_F_crop_4.jpg,date,09/12/2024,09/12/2024,0.0,0.0,0,1,0.067
431_hat-bi-nguyen-vo_F_crop_1.jpg,name,Hạt bí nguyên vỏ nướng tự nhiên,Hạt bí nguà nên,0.5483870967741935,0.7142857142857143,17,0,0.096
431_hat-bi-nguyen-vo_F_crop_2.jpg,date,15/12/2024,15/12/2024,0.0,0.0,0,1,0.065
431_hat-bi-nguyen-vo_F_crop_3.jpg,date,15/02/2025,15/02/2025,0.0,0.0,0,1,0.065
432_trail-mix-vi-so-co-la_F_crop_0.jpg,brand,nutty,nutty,0.0,0.0,0,1,0.038
432_trail-mix-vi-so-co-la_F_crop_2.jpg,date,17/01/2024,17/01/2024,0.0,0.0,0,1,0.066
432_trail-mix-vi-so-co-la_F_crop_3.jpg,date,17/01/2025,17/01/2025,0.0,0.0,0,1,0.066
433_mat-ong-hoa-vai-thieu_F_crop_0.jpg,name,MẬT ONG HOA VẢI THIỀU,MẬT ONG,0.6666666666666666,0.6,14,0,0.051
434_trai-cay-say-thap-cam_F_crop_0.jpg,name,TRÁI CÂY SẤY THẬP CẨM,TRÁI CÂY SẤY,0.42857142857142855,0.4,9,0,0.078
435_keo-huong-dau-tay_D_crop_0.jpg,brand,YẾN NHUNG,YẾN NHUNG,0.0,0.0,0,1,0.06
436_man-say-deo_F_crop_0.jpg,name,MẬN SẤY DẺO Từ 100% mận tươi,MẬN SẤY DẺO,0.5925925925925926,0.5714285714285714,16,0,0.081
438_thanh-long-say-deo_F_crop_0.jpg,name,THANH LONG SẤY DẺO Từ 100% thanh long tươi,THANH LONG SẤY DỪOD,0.5609756097560976,0.6666666666666666,23,0,0.121
440_tuogn-cham-thit-nuong_F_crop_3.jpg,weight,450 g,450 g,0.0,0.0,0,1,0.038
441_bot-khuc-bach_F_crop_0.jpg,brand,BENUSCream,BENUSCream,0.0,0.0,0,1,0.067
442_bun-tuoi-kho_F_crop_2.jpg,weight,200g,200g,0.0,0.0,0,1,0.034
445_banh-bong-la-huong-com-dua_F_crop_0.jpg,brand,HURA deli,HURA deli,0.0,0.0,0,1,0.062
445_banh-bong-la-huong-com-dua_F_crop_1.jpg,weight,168 g,168 g,0.0,0.0,0,1,0.04
447_banh-trang_F_crop_2.jpg,weight,250 g,250 g,0.0,0.0,0,1,0.039
449_tra-sua-matcha_F_crop_0.jpg,brand,Cozy,Cozy,0.0,0.0,0,1,0.033
449_tra-sua-matcha_F_crop_2.jpg,weight,306 g,306 g,0.0,0.0,0,1,0.038
450_lipton_F_crop_0.jpg,brand,Lipton,Lipton,0.0,0.0,0,1,0.044
450_lipton_F_crop_2.jpg,weight,192 g,192 g,0.0,0.0,0,1,0.038
451_ca-phe-sua-vinacafe_F_crop_0.jpg,brand,Vinacafe,Vinaege,0.375,1.0,3,0,0.049
452_banh-trang-goi-cuon_F_crop_1.jpg,weight,280 g,280 g,0.0,0.0,0,1,0.039
453_banh-trang-dua-nuong_F_crop_0.jpg,brand,PHƯƠNG NGUYEN,PHƯƠNG NGUYEN,0.0,0.0,0,1,0.079
453_banh-trang-dua-nuong_F_crop_2.jpg,brand,PHƯƠNG NGUYÊN,PHƯƠNG NGUYÊN,0.0,0.0,0,1,0.082
453_banh-trang-dua-nuong_F_crop_3.jpg,weight,45 g,45 g,0.0,0.0,0,1,0.032
454_ca-phe-sua-da-ong-bau_F_crop_0.jpg,brand,ÔNG BẦU SỐNG THẬT CÀ PHÊ THẬT,ÔNG BẦU THẬT THẬT,0.41379310344827586,0.42857142857142855,12,0,0.103
454_ca-phe-sua-da-ong-bau_F_crop_1.jpg,name,CÀ PHÊ SỮA ĐÁ TƯƠI MỚI,CÀ PHI SAY,0.6363636363636364,0.8333333333333334,14,0,0.068
456_tra-vi-vai-va-huong-hoa-lai_F_crop_0.jpg,name,TRÀ VỊ VẢI VÀ HƯƠNG HOA LÀI,TRÀ VỊ VẢI VÀ HƯƠNG HOA LÀI,0.0,0.0,0,1,0.169
456_tra-vi-vai-va-huong-hoa-lai_F_crop_1.jpg,brand,NESTEA,NESTEA,0.0,0.0,0,1,0.048
457_bot-ngot_F_crop_0.jpg,brand,VEDAN,VEDAN,0.0,0.0,0,1,0.039
457_bot-ngot_F_crop_1.jpg,name,Bột ngọt,Bột ngọt,0.0,0.0,0,1,0.059
457_bot-ngot_F_crop_2.jpg,weight,100 g,100 g,0.0,0.0,0,1,0.038
459_snack-va-dau-thap-cam_F_crop_0.jpg,brand,TânTân,TânTân,0.0,0.0,0,1,0.045
460_pocky_F_crop_0.jpg,brand,Pocky,Pocky,0.0,0.0,0,1,0.04
460_pocky_F_crop_2.jpg,weight,40 g,40 g,0.0,0.0,0,1,0.034
461_lap-xuong_B_crop_0.jpg,date,01/01/2025,01/01/2025,0.0,0.0,0,1,0.067
461_lap-xuong_B_crop_1.jpg,date,01/07/2025,01/07/2025,0.0,0.0,0,1,0.068
461_lap-xuong_B_crop_2.jpg,weight,200 g,200 g,0.0,0.0,0,1,0.038
465_nuoc-ep-cam_F_crop_0.jpg,brand,Vinamilk,Vinamilk,0.0,0.0,0,1,0.055
465_nuoc-ep-cam_F_crop_1.jpg,name,NƯỚC ÉP CAM,NƯỚC ÉP CAM,0.0,0.0,0,1,0.071
469_lipton_F_crop_1.jpg,name,trà vị ĐÀO,trà vỊ ĐÀO,0.0,0.0,0,1,0.065
471_dau-phong-da-ca-cot-dua_F_crop_2.jpg,weight,270 G,270 G,0.0,0.0,0,1,0.038
472_bun-tuoi-kho_F_crop_2.jpg,weight,200g,200g,0.0,0.0,0,1,0.032
473_banh-afc_F_crop_0.jpg,brand,KINH DO,KINH DO,0.0,0.0,0,1,0.049
473_banh-afc_F_crop_1.jpg,brand,AFC,AFC,0.0,0.0,0,1,0.028
473_banh-afc_F_crop_3.jpg,date,060326,060326,0.0,0.0,0,1,0.044
473_banh-afc_F_crop_4.jpg,weight,172g,172 g,0.25,2.0,1,0,0.037
474_tra-sua-tran-chau_L_crop_0.jpg,brand,HILLWAY,HILLWAY,0.0,0.0,0,1,0.051
474_tra-sua-tran-chau_L_crop_1.jpg,date,30.05.24,30.05.24,0.0,0.0,0,1,0.06
474_tra-sua-tran-chau_L_crop_2.jpg,date,08.10.25,08.10.25,0.0,0.0,0,1,0.055
475_tra-dao-huong-cam-sa_F_crop_1.jpg,name,Trà Đào hương Cam Sả,Trà Đào Dào Chống Dà,0.55,0.6,11,0,0.118
475_tra-dao-huong-cam-sa_F_crop_3.jpg,weight,88g,88g,0.0,0.0,0,1,0.027
476_tra-vi-chanh_F_crop_1.jpg,brand,NESTEA,NESTEA,0.0,0.0,0,1,0.045
477_mien_F_crop_1.jpg,weight,210g,210g,0.0,0.0,0,1,0.032
478_tra-dao_F_crop_0.jpg,brand,Vinamilk,Vinamilk,0.0,0.0,0,1,0.053
478_tra-dao_F_crop_1.jpg,name,ĐÀO GIÒN NGỌT,ĐÀO GIÒN NGỌT,0.0,0.0,0,1,0.083
479_banh-chocopie-vi-cacao_F_crop_1.jpg,name,BÁNH CHOCOPIE VỊ CACAO,BÁNH CHOCOPIE VỊ CACAO,0.0,0.0,0,1,0.133
480_rong-bien-cuon-com_F_crop_2.jpg,date,03.03.2025,03.06.6025,0.2,1.0,2,0,0.065
480_rong-bien-cuon-com_F_crop_3.jpg,date,03.03.2026,03.03.2025,0.1,1.0,1,0,0.064
483_banh-trang-dua-nuong_F_crop_0.jpg,brand,PHUONG NGUYEN,PHUONG NGUYEN,0.0,0.0,0,1,0.083
483_banh-trang-dua-nuong_F_crop_1.jpg,name,Bánh Tráng Dừa Nướng,Bánh Tráng Dừa Nướng,0.0,0.0,0,1,0.123
483_banh-trang-dua-nuong_F_crop_2.jpg,brand,PHƯƠNG NGUYÊN,PHƯƠNG NGUYÊN,0.0,0.0,0,1,0.085
484_bun-tuoikho_B_crop_0.jpg,date,15/02/2025,15/02/2025,0.0,0.0,0,1,0.067
484_bun-tuoikho_B_crop_1.jpg,date,15/02/2027,15/02/2027,0.0,0.0,0,1,0.067
485_ca-phe-sua-da-ong-bau_R_crop_1.jpg,name,CÀ PHÊ SỮA ĐÁ TƯƠI MỚI,CÀ PHÊ SỮA TƯƠI,0.3181818181818182,0.3333333333333333,7,0,0.094
485_ca-phe-sua-da-ong-bau_R_crop_2.jpg,weight,240 g,240 g,0.0,0.0,0,1,0.039
486_vinamilk-sua-dinh-duong-co-duong_F_crop_0.jpg,brand,VINAMILK,VINAMILK,0.0,0.0,0,1,0.055
486_vinamilk-sua-dinh-duong-co-duong_F_crop_1.jpg,name,SỮA DINH DƯỠNG CÓ ĐƯỜNG,SỮA NƯỚNG DƯỚNG CÓ ĐƯỜNG,0.21739130434782608,0.4,5,0,0.147
486_vinamilk-sua-dinh-duong-co-duong_F_crop_2.jpg,weight,220ml,220ml,0.0,0.0,0,1,0.039
487_banh-chocopie-vi-cacao_T_crop_0.jpg,brand,ORION,ORION,0.0,0.0,0,1,0.038
487_banh-chocopie-vi-cacao_T_crop_1.jpg,name,BÁNH CHOCOPIE VỊ CACAO,BÁNH CHOCOPIE VỊ CACAO,0.0,0.0,0,1,0.132
487_banh-chocopie-vi-cacao_T_crop_2.jpg,date,11.11.24,11.11.24,0.0,0.0,0,1,0.054
487_banh-chocopie-vi-cacao_T_crop_3.jpg,date,12 THÁNG KỂ TỪ NGÀY SẢN XUẤT,12 THÁNG KỂ TỪ NGÀY SÀN XUẤT,0.03571428571428571,0.14285714285714285,1,0,0.173
488_tra-sua-truyen-thong_F_crop_0.jpg,name,TRÀ SỮA TRUYỀN THỐNG,TRÀ SỮA TRUNG,0.35,0.5,7,0,0.101
488_tra-sua-truyen-thong_F_crop_1.jpg,weight,170 g,170 g,0.0,0.0,0,1,0.046
489_granola_F_crop_1.jpg,date,19/07/2022,10/03/2026,0.375,1.0,3,0,0.075
490_bot-can-tay_F_crop_0.jpg,weight,72g,72g,0.0,0.0,0,1,0.029
490_bot-can-tay_F_crop_2.jpg,brand,Goce.vn,Goce.vn,0.0,0.0,0,1,0.05
491_xoai-say-deo_F_crop_1.jpg,name,Xoài Sấy Dẻo,Xoài Sấy Dẻo,0.0,0.0,0,1,0.083
491_xoai-say-deo_F_crop_2.jpg,weight,500 g,500 g,0.0,0.0,0,1,0.039
492_th-true-milk_F_crop_2.jpg,weight,110 ml,110 ml,0.0,0.0,0,1,0.047
493_khoai-lang-vang-say-gion_F_crop_0.jpg,brand,L'ANGFARM,LFANGFARM,0.125,1.0,1,0,0.059
493_khoai-lang-vang-say-gion_F_crop_2.jpg,weight,350 g,350 g,0.0,0.0,0,1,0.037
494_bot-matcha_F_crop_1.jpg,name,BỘT MATCHA,ĐỘT NHÂN CHUA,0.7,1.5,7,0,0.083
494_bot-matcha_F_crop_2.jpg,weight,200 g,200 g,0.0,0.0,0,1,0.038
495_oatside_F_crop_0.jpg,brand,OATSIDE,10/03.2025,1.2857142857142858,1.0,9,0,0.065
497_banh-sua-socola_F_crop_0.jpg,name,Bánh sữa Sôcôla,Bạnh sữa,0.5333333333333333,0.6666666666666666,8,0,0.056
498_dao-tuoi_F_crop_0.jpg,name,ĐÀO TƯƠI,ĐÀO TƯƠI,0.0,0.0,0,1,0.057
499_banh-phong-sua_F_crop_0.jpg,name,Bánh Phồng Sữa,Bánh Pháng Sữa,0.07142857142857142,0.3333333333333333,1,0,0.089
499_banh-phong-sua_F_crop_2.jpg,weight,220 g,220 g,0.0,0.0,0,1,0.038
501_tra-atiso-hoa-cuc_F_crop_1.jpg,weight,90 gram,90 gram,0.0,0.0,0,1,0.048
502_tra-hoa-cuc-chi_F_crop_0.jpg,name,TRÀ HOA CÚC CHI,TRÀ HOA CÚC CHI,0.0,0.0,0,1,0.092
502_tra-hoa-cuc-chi_F_crop_1.jpg,weight,100g,100g,0.0,0.0,0,1,0.033
503_sua-chua-thanh-trung_F_crop_1.jpg,brand,Vinamilk EST 1976,Vinamilk FrEs,0.47058823529411764,0.6666666666666666,8,0,0.081
503_sua-chua-thanh-trung_F_crop_2.jpg,name,SỮA CHUA UỐNG THANH TRÙNG,SỮA CHUA UỐNG,0.48,0.4,12,0,0.081
504_kho-heo-chay-toi_F_crop_1.jpg,name,Khô Heo CHÁY TỎI,Khô Hạo,0.625,0.75,10,0,0.051
506_hanh-nhan-rang-moc_F_crop_0.jpg,name,HẠNH NHÂN RANG MỘC,HẠNH NHÂN RANG MỘC,0.0,0.0,0,1,0.11
506_hanh-nhan-rang-moc_F_crop_1.jpg,weight,500g,500g,0.0,0.0,0,1,0.034
506_hanh-nhan-rang-moc_F_crop_2.jpg,weight,250g,250g,0.0,0.0,0,1,0.033
509_tra-trai-cay-nhiet-doi_F_crop_0.jpg,brand,trẫy ninì,trấy trấy,0.5555555555555556,1.0,5,0,0.06
509_tra-vi-chanh_F_crop_0.jpg,name,TRÀ VỊ CHANH,TRÀ VỊ,0.5,0.3333333333333333,6,0,0.044
509_tra-vi-chanh_F_crop_1.jpg,weight,196 g,196 g,0.0,0.0,0,1,0.038
510_tra-trai-cay-nhiet-doi_B_crop_0.jpg,brand,trấy ninì,trấy,0.5555555555555556,0.5,5,0,0.033
510_tra-trai-cay-nhiet-doi_B_crop_1.jpg,date,26/12/2024,26/12/2024,0.0,0.0,0,1,0.068
510_tra-trai-cay-nhiet-doi_B_crop_2.jpg,date,26/12/2025,26/12/2025,0.0,0.0,0,1,0.067
511_cafe-pho_F_crop_3.jpg,weight,160 g,160 g,0.0,0.0,0,1,0.042
512_cafe-pho_R_crop_0.jpg,brand,MacCoffee Café PHỐ,MafHỐ,0.7222222222222222,1.0,13,0,0.043
513_so-co-la-trang_F_crop_1.jpg,name,SÔ-CÔ-LA TRẮNG THANH LONG & MATCHA,SÔ-CÔ-LA TRẮNG TRANH CHA,0.3225806451612903,0.6,10,0,0.151
514_nuoc-cot-bun-rieu_F_crop_0.jpg,name,NƯỚC CỐT BÚN RIÊU,NƯỚC CỐT,0.5294117647058824,0.5,9,0,0.06
514_nuoc-cot-bun-rieu_F_crop_1.jpg,weight,138 g,138 g,0.0,0.0,0,1,0.039
516_cappuccino-sau-rieng_F_crop_2.jpg,weight,222 g,222 g,0.0,0.0,0,1,0.039
517_gia-vi-tiem-ga_F_crop_0.jpg,name,Gia Vị Tiềm Gà,Gia Vị Ga,0.42857142857142855,0.5,6,0,0.063
518_gia-vi-tiem-ga-hat-sen_F_crop_0.jpg,name,Gia Vị Tiềm Gà Hạt Sen,Gia Vị Tmm Ghạt Sen,0.18181818181818182,0.5,4,0,0.124
518_gia-vi-tiem-ga-hat-sen_F_crop_1.jpg,weight,200 g,200 g,0.0,0.0,0,1,0.04
519_so-co-la-den_F_crop_1.jpg,name,SÔ-CÔ-LA ĐEN,SÔ-CÔ-LA ĐEN,0.0,0.0,0,1,0.077
519_so-co-la-den_F_crop_2.jpg,weight,60 G,60 G,0.0,0.0,0,1,0.034
520_banh-dua-nuong_F_crop_1.jpg,name,BÁNH DỪA NƯỚNG,BÁNH DỪA NƯỚNG,0.0,0.0,0,1,0.091
521_vit-tiem_F_crop_0.jpg,brand,Ông Chà Và,Ông Chà Và,0.0,0.0,0,1,0.068
522_nuoc-cot-bun-mam_F_crop_0.jpg,name,NƯỚC CỐT BÚN MẮM,NƯỚC CỐT MƯỚNG,0.4375,0.5,7,0,0.089
523_bot-banh-quay_F_crop_0.jpg,brand,MIKKO,MIKKO,0.0,0.0,0,1,0.039
523_bot-banh-quay_F_crop_1.jpg,name,Bột Bánh Quẩy,ovnganhondy,0.7692307692307693,1.0,10,0,0.072
523_bot-banh-quay_F_crop_2.jpg,weight,350 g,350 g,0.0,0.0,0,1,0.04
524_bot-khuc-bach_F_crop_0.jpg,name,BỘT KHÚC BẠCH,BỘT KHÚC BẠCH,0.0,0.0,0,1,0.087
524_bot-khuc-bach_F_crop_1.jpg,brand,BENUSCream,BENUSCream,0.0,0.0,0,1,0.066
524_bot-khuc-bach_F_crop_2.jpg,weight,100 g,100 g,0.0,0.0,0,1,0.037
525_keo-dua_F_crop_0.jpg,brand,COCOLAND,COCOLAND,0.0,0.0,0,1,0.056
525_keo-dua_F_crop_1.jpg,brand,xuan thanh,xuan,0.6,0.5,6,0,0.032
525_keo-dua_F_crop_3.jpg,weight,375g,375g,0.0,0.0,0,1,0.032
528_banh-dau-xanh-rong-vang-hoang-gia_B_crop_1.jpg,weight,300 g,300 g,0.0,0.0,0,1,0.037
528_banh-dau-xanh-rong-vang-hoang-gia_B_crop_2.jpg,date,01/12/2025,01/12/2025,0.0,0.0,0,1,0.064
529_banh-dau-xanh-rong-vang-hoang-gia_R_crop_0.jpg,date,02.04.2025,02.04.2025,0.0,0.0,0,1,0.068
529_banh-dau-xanh-rong-vang-hoang-gia_R_crop_1.jpg,date,02.11.2025,02.11.2025,0.0,0.0,0,1,0.065
529_banh-dau-xanh-rong-vang-hoang-gia_R_crop_2.jpg,weight,190 g,190 g,0.0,0.0,0,1,0.059
532_banh-dau-xanh_F_crop_1.jpg,brand,RỒNG VÀNG,RỒNG VÀNG,0.0,0.0,0,1,0.069
533_keo-thap-cam_F_crop_1.jpg,name,KẸO THẬP CẨM,KẸO THÂM,0.4166666666666667,0.6666666666666666,5,0,0.059
533_keo-thap-cam_F_crop_2.jpg,weight,450 g,450 g,0.0,0.0,0,1,0.038
534_keo-huong-dau-tay_B_crop_0.jpg,brand,YẾN NHUNG,YẾN NHUNG,0.0,0.0,0,1,0.061
535_banh-dau-xanh_R_crop_1.jpg,date,20/10/2025,20/10/2025,0.0,0.0,0,1,0.067
536_keo-huong-dau-tay_F_crop_1.jpg,name,KẸO HƯƠNG DÂU TÂY,KẸO HƯƠNG DÂU TÂY,0.0,0.0,0,1,0.107
537_keo-huong-dau-tam_F_crop_0.jpg,name,KẸO HƯƠNG DÂU TẰM,KẸO HƯƠNG DÂU TẦM,0.058823529411764705,0.25,1,0,0.111
538_bot-gia-vi-ngu-vi-huong_F_crop_0.jpg,brand,Dh Foods,Dh Foods,0.0,0.0,0,1,0.06
538_bot-gia-vi-ngu-vi-huong_F_crop_1.jpg,name,Bột Gia Vị Ngũ Vị Hương,Bột Gia Vị Ngù Vị Hương,0.043478260869565216,0.16666666666666666,1,0,0.144
539_bot-gia-vi-ngu-vi-huong_B_crop_0.jpg,brand,Dh Foods,Dh Foods,0.0,0.0,0,1,0.061
539_bot-gia-vi-ngu-vi-huong_B_crop_1.jpg,date,10 02 25,10 02 25,0.0,0.0,0,1,0.057
539_bot-gia-vi-ngu-vi-huong_B_crop_2.jpg,date,10 08 26,10 08 26,0.0,0.0,0,1,0.058
540_soda_F_crop_2.jpg,weight,250g,250g,0.0,0.0,0,1,0.035
542_gia-vi-uop-thit-mac-mat_F_crop_0.jpg,brand,Dh Foods,Dh Foods,0.0,0.0,0,1,0.061
542_gia-vi-uop-thit-mac-mat_F_crop_1.jpg,name,Gia Vị Ướp Thịt Mắc Mật,Gia Vị Ướp Thịt Mặc Mật,0.043478260869565216,0.16666666666666666,1,0,0.145
543_gia-vi-uop-thi-mac-mat_B_crop_2.jpg,date,19 12 24,19 12 24,0.0,0.0,0,1,0.057
543_gia-vi-uop-thi-mac-mat_B_crop_3.jpg,date,19 06 26,19 06 26,0.0,0.0,0,1,0.057
544_gia-vi-uop-thit-nuong_F_crop_0.jpg,brand,Dh Foods,Dh Foods,0.0,0.0,0,1,0.057
544_gia-vi-uop-thit-nuong_F_crop_1.jpg,name,Gia Vị Ướp Thịt Nướng,Gia Vị Ướp Thịt Nướng,0.0,0.0,0,1,0.13
546_so-co-la-phu-dua_F_crop_1.jpg,date,1 năm kể từ ngày sản xuất,1 năm kể từ ngày sản xuất,0.0,0.0,0,1,0.159
546_so-co-la-phu-dua_F_crop_2.jpg,date,03/02/2025,03/02/2025,0.0,0.0,0,1,0.07
547_banh-dua-nuong_F_crop_0.jpg,brand,CHOICE L,CHOICE L,0.0,0.0,0,1,0.058
548_so-co-la-nhan-kem-ca-phe_F_crop_0.jpg,weight,48 g,48 g,0.0,0.0,0,1,0.035
548_so-co-la-nhan-kem-ca-phe_F_crop_1.jpg,name,SÔ CÔ LA NHÂN KEM CÀ PHÊ,SÔ CÔLA LA CHẤT,0.5833333333333334,0.7142857142857143,14,0,0.101
549_socola-hat-sen_B_crop_1.jpg,name,Sôcôla Hạt sen,Sôcôla Hạt sen,0.0,0.0,0,1,0.095
550_socola-den_B_crop_1.jpg,weight,58 g,58 g,0.0,0.0,0,1,0.035
553_ca-phe-hoa-tan_F_crop_2.jpg,weight,306 g,306 g,0.0,0.0,0,1,0.041
555_keo-thap-cam_D_crop_0.jpg,brand,YẾN NHUNG,YẾN NHUNG,0.0,0.0,0,1,0.063
555_keo-thap-cam_D_crop_1.jpg,name,KẸO THẬP CẨM,KẸO THẬP CẨM,0.0,0.0,0,1,0.083
556_keo-huong-dau-tam_B_crop_0.jpg,brand,YẾN NHUNG,YẾN NHUNG,0.0,0.0,0,1,0.07
556_keo-huong-dau-tam_B_crop_1.jpg,name,KẸO HƯƠNG DÂU TẰM,KẸO HƯƠNG DÂU TẦM,0.058823529411764705,0.25,1,0,0.112
560_lau-kim-chi_F_crop_0.jpg,brand,O'Food,O'Food,0.0,0.0,0,1,0.048
560_lau-kim-chi_F_crop_2.jpg,name,Sốt Lẩu Hoàn Chỉnh Lẩu Kim Chi,Sốt Lâu Hoàn Chỉnh Lướng Chỉ CHUA,0.3333333333333333,0.5714285714285714,10,0,0.205
560_lau-kim-chi_F_crop_3.jpg,weight,180 g,180 g,0.0,0.0,0,1,0.041
563_sinh-to-viet-quoc_F_crop_0.jpg,brand,CHOICE L,CHOICE L,0.0,0.0,0,1,0.056
563_sinh-to-viet-quoc_F_crop_2.jpg,weight,500 ml,500 ml,0.0,0.0,0,1,0.045
564_tuong-ot-sieu-cay_F_crop_1.jpg,name,Tương ớt SIÊU CAY,Tương Ới CHUA CANH,0.4117647058823529,0.75,7,0,0.123
564_tuong-ot-sieu-cay_F_crop_2.jpg,weight,330g,330g,0.0,0.0,0,1,0.033
565_sinh-to-xoai_F_crop_0.jpg,brand,CHOICE L,CHOICE L,0.0,0.0,0,1,0.057
565_sinh-to-xoai_F_crop_1.jpg,name,Sinh Tố Xoài,Sinh Tố Vàng Vàn Tương Vị Tương,1.8333333333333333,1.6666666666666667,22,0,0.188
565_sinh-to-xoai_F_crop_2.jpg,weight,500 ml,500 ml,0.0,0.0,0,1,0.047
566_sinh-to-mang-cau_F_crop_1.jpg,name,Sinh Tố Mãng Cầu,Sinh Tố Máng Cầu,0.0625,0.25,1,0,0.104
567_gia-vi-rac-com_F_crop_1.jpg,name,Gia Vị Rắc Cơm,Gia Vị Rừ Cam,0.21428571428571427,0.5,3,0,0.093
568_gao-lua-tom-nang-huong_F_crop_0.jpg,brand,Kim Thiên Lộc,Kim Thiên Lộc,0.0,0.0,0,1,0.088
568_gao-lua-tom-nang-huong_F_crop_1.jpg,name,gạo lúa tôm Nàng Hương,gạo lúa tôm,0.5,0.4,11,0,0.078
569_tuong-den_F_crop_1.jpg,name,TƯƠNG ĐEN,TƯƠNG ĐEN,0.0,0.0,0,1,0.063
571_nho-chile-vang_F_crop_2.jpg,weight,330 g,330 g,0.0,0.0,0,1,0.039
572_gao-huu-co-ecoba-huyet-rong_F_crop_2.jpg,weight,1 kg,1 kg,0.0,0.0,0,1,0.035
574_ca-chai-nuong_B_crop_1.jpg,date,12 tháng kể từ ngày sản xuất.,12 tháng kể từ ngày sản xuất.,0.0,0.0,0,1,0.181
574_ca-chai-nuong_B_crop_2.jpg,weight,70 g.,70 g,0.2,0.5,1,0,0.034
575_nep-sap_F_crop_0.jpg,date,24/03/2025,3,0.875,1.0,7,0,0.017
575_nep-sap_F_crop_1.jpg,date,24/03/2026,G0/03.2025,0.5,1.0,4,0,0.066
577_me-trang_F_crop_0.jpg,date,24/03/2025,24/03/2025,0.0,0.0,0,1,0.068
577_me-trang_F_crop_1.jpg,date,24/03/2026,24/03/2026,0.0,0.0,0,1,0.068
577_me-trang_F_crop_4.jpg,weight,100 g,100 g,0.0,0.0,0,1,0.039
578_bun-tuoi_F_crop_0.jpg,brand,Nuffam,Nuffam,0.0,0.0,0,1,0.046
579_che-hat-sen-thap-sen_F_crop_1.jpg,brand,HỒNG HÙNG TUẤN,HỒNG HÙNG TUẤN,0.0,0.0,0,1,0.09
580_me-trang-khong-vo_F_crop_0.jpg,date,23/12/2024,23/12/2024,0.0,0.0,0,1,0.066
580_me-trang-khong-vo_F_crop_1.jpg,date,23/12/2025,23/12/2025,0.0,0.0,0,1,0.067
580_me-trang-khong-vo_F_crop_2.jpg,brand,pmt,pmt,0.0,0.0,0,1,0.029
580_me-trang-khong-vo_F_crop_3.jpg,name,MÈ TRẮNG KHÔNG VỎ,MÈ TRẮNG KHÔNG VỎ,0.0,0.0,0,1,0.105
580_me-trang-khong-vo_F_crop_4.jpg,weight,100 g,100 g,0.0,0.0,0,1,0.039
581_mi-quang-kho_F_crop_0.jpg,date,06.02.2025,06.02.2025,0.0,0.0,0,1,0.066
581_mi-quang-kho_F_crop_1.jpg,date,06.02.2027,06.02.2027,0.0,0.0,0,1,0.068
582_mi-quang-kho_F_crop_0.jpg,name,Mì Quảng Khô,Mì Quảng Khô,0.0,0.0,0,1,0.078
582_mi-quang-kho_F_crop_1.jpg,weight,300 g,300 g,0.0,0.0,0,1,0.039
583_mi-rau-cu-tuoi_F_crop_0.jpg,brand,choice L,CHOICE L,0.0,0.0,0,1,0.054
583_mi-rau-cu-tuoi_F_crop_1.jpg,name,MÌ RAU CỦ TƯƠI,MÌ RAU CỦ TƯƠI,0.0,0.0,0,1,0.091
586_ca-trich_F_crop_0.jpg,brand,CHOICE L,CHOICE L,0.0,0.0,0,1,0.055
586_ca-trich_F_crop_1.jpg,name,CÁ TRÍCH XẺ TẨM NƯỚNG,CÁ TRÍCH ỚT NƯỚNG VỊ TƯỚNG,0.5238095238095238,0.8,11,0,0.161
588_bun-tuoi_B_crop_2.jpg,brand,Nuffam,Nuffam,0.0,0.0,0,1,0.046
589_bun-tuoi_F_crop_2.jpg,brand,Hằng Nga,Hạy Nga,0.375,0.5,3,0,0.053
589_bun-tuoi_F_crop_3.jpg,name,BÚN TƯƠI SẤY KHÔ,BÚN TƯƠI SẤY,0.25,0.25,4,0,0.085
590_gao-lut-hon-hop_F_crop_1.jpg,name,GẠO LỨT HỖN HỢP 10 LOẠI HẠT,LỰC HƯƠNG CHỐNG HƯƠNG HƯƠNG C NƯỚNG,1.0,1.0,27,0,0.215
590_gao-lut-hon-hop_F_crop_2.jpg,weight,1kg,1kg,0.0,0.0,0,1,0.03
591_sua-tam_F_crop_0.jpg,brand,CHOICE L,CHOICE L,0.0,0.0,0,1,0.062
591_sua-tam_F_crop_2.jpg,weight,950 g,950 g,0.0,0.0,0,1,0.039
592_nuoc-rua-chen_F_crop_1.jpg,name,NƯỚC RỬA CHÉN HƯƠNG TRÀ XANH DƯA LƯỚI,NƯỚC RỪA CHÊN,0.7027027027027027,0.875,26,0,0.082
592_nuoc-rua-chen_F_crop_2.jpg,weight,1kg,1kg,0.0,0.0,0,1,0.03
592_nuoc-rua-chen_F_crop_3.jpg,weight,980 ml,980 ml,0.0,0.0,0,1,0.046
594_bun-gao-lut_F_crop_1.jpg,name,Bún Gạo Lứt,Bún Gạo Lứt,0.0,0.0,0,1,0.078
594_bun-gao-lut_F_crop_2.jpg,weight,280 g,280 g,0.0,0.0,0,1,0.04
595_banh-afc-vi-lua-mi_F_crop_4.jpg,weight,86 g,86 g,0.0,0.0,0,1,0.033
596_sua-tam-hoa-anh-dao_B_crop_1.jpg,brand,PURITÉ,PURITÉ,0.0,0.0,0,1,0.046
596_sua-tam-hoa-anh-dao_B_crop_2.jpg,weight,500 ml,500 ml,0.0,0.0,0,1,0.045
597_sua-tam-hoa-anh-dao_F_crop_0.jpg,brand,PURITÉ,PURITÉ,0.0,0.0,0,1,0.047
598_sua-dau-nanh-fami-nguyen-chat_F_crop_0.jpg,name,SỮA ĐẬU NÀNH,SỮA ĐẬU NÀNH,0.0,0.0,0,1,0.077
598_sua-dau-nanh-fami-nguyen-chat_F_crop_1.jpg,brand,SỮA ĐẬU NÀNH Fami,MANH FOODS,0.7647058823529411,1.0,13,0,0.066
598_sua-dau-nanh-fami-nguyen-chat_F_crop_2.jpg,weight,1 lít,1 lít,0.0,0.0,0,1,0.04
600_cha-bong-heo_F_crop_0.jpg,brand,C&B FOOD RESTAURANT,CáM BƯỚNG TRƯỚNG,0.8333333333333334,1.0,15,0,0.104
600_cha-bong-heo_F_crop_1.jpg,name,Chà bông HEO,Cha bông Dàn Cha,0.6666666666666666,1.0,8,0,0.111
601_cha-bong-heo_B_crop_0.jpg,name,Chà Bông Heo,Chà Bông Heo,0.0,0.0,0,1,0.08
602_kho-heo-say-toi_F_crop_1.jpg,name,Khô heo sấy tỏi,Khô heo shanh,0.4,0.5,6,0,0.085
602_kho-heo-say-toi_F_crop_2.jpg,weight,100 g,100 g,0.0,0.0,0,1,0.039
604_kho-ga-la-chanh_F_crop_1.jpg,name,Khô gà lá chanh,Khô gà Sà gà,0.4666666666666667,0.5,7,0,0.082
604_kho-ga-la-chanh_F_crop_2.jpg,weight,100 g,100 g,0.0,0.0,0,1,0.04
605_kho-ga-la-chanh_B_crop_0.jpg,name,Khô gà lá chanh,Khô gà lá chanh,0.0,0.0,0,1,0.093
608_thit-bo-kho_F_crop_0.jpg,brand,Poso Thơm ngon-Tròn vị,Poso Thong ngon-Tron-Tron-Tron-Tron-Tron-Tràn,1.1428571428571428,0.75,24,0,0.271
608_thit-bo-kho_F_crop_2.jpg,weight,45 g,45 g,0.0,0.0,0,1,0.034
609_thit-bo-kho_B_crop_2.jpg,date,15/03/25,15/03/25,0.0,0.0,0,1,0.057
609_thit-bo-kho_B_crop_3.jpg,date,15/01/26,15/01/26,0.0,0.0,0,1,0.057
610_bot-suong-sao-den_F_crop_1.jpg,weight,50 g,50 g,0.0,0.0,0,1,0.036
611_bot-suong-sao-den_B_crop_0.jpg,name,Bột Sương Sáo Đen,Sột Sương Sao đen,0.11764705882352941,0.5,2,0,0.112
612_bot-rau-cau-deo_B_crop_0.jpg,name,Bột Rau Câu Dẻo,Bột Rau Càu Dẻo,0.06666666666666667,0.25,1,0,0.095
612_bot-rau-cau-deo_B_crop_1.jpg,date,06/08/24,06/08/24,0.0,0.0,0,1,0.055
612_bot-rau-cau-deo_B_crop_2.jpg,date,05/08/26,05/08/26,0.0,0.0,0,1,0.058
613_bot-rau-cau-deo_F_crop_2.jpg,weight,12g,12 g,0.3333333333333333,2.0,1,0,0.033
614_chao-mon_F_crop_0.jpg,date,28/10/2024,28/10/2024,0.0,0.0,0,1,0.069
614_chao-mon_F_crop_1.jpg,date,28/04/2026,28/04/2026,0.0,0.0,0,1,0.072
614_chao-mon_F_crop_2.jpg,brand,Mikiri,Mikiri,0.0,0.0,0,1,0.047
614_chao-mon_F_crop_3.jpg,name,Chao Môn,Chao Môn,0.0,0.0,0,1,0.059
616_bot-suong-sam_B_crop_0.jpg,name,BỘT SƯƠNG SÂM,BỘT SƯƠNG SÂM,0.0,0.0,0,1,0.093
616_bot-suong-sam_B_crop_1.jpg,date,06/01/25,06/01/25,0.0,0.0,0,1,0.06
616_bot-suong-sam_B_crop_2.jpg,date,05/01/27,05/01/27,0.0,0.0,0,1,0.058
617_nuoc-tuong-dau-nanh_F_crop_0.jpg,brand,Maggi,Maggi,0.0,0.0,0,1,0.042
621_nuoc-mam-nam-ngu_F_crop_2.jpg,brand,CHIN-SU FOODS,CHIN-SU FOODS,0.0,0.0,0,1,0.09
621_nuoc-mam-nam-ngu_F_crop_3.jpg,brand,Nam Ngư,Nam,0.5714285714285714,0.5,4,0,0.032
621_nuoc-mam-nam-ngu_F_crop_4.jpg,name,NƯỚC MẮM,NƯỚC MẮM,0.0,0.0,0,1,0.059
622_nuoc-mam-nam-ngu_F_crop_2.jpg,name,NƯỚC MẮM,NƯỚC MẮM,0.0,0.0,0,1,0.062
623_hat-nem-tam-bao_F_crop_1.jpg,brand,Tam Bảo,Tam Bảo,0.0,0.0,0,1,0.056
623_hat-nem-tam-bao_F_crop_2.jpg,brand,Neptune,Neptune,0.0,0.0,0,1,0.055
623_hat-nem-tam-bao_F_crop_3.jpg,weight,380 g,380 g,0.0,0.0,0,1,0.043
624_muoi-say-i-ot_F_crop_0.jpg,brand,Sosal group,Sosal group,0.0,0.0,0,1,0.08
624_muoi-say-i-ot_F_crop_2.jpg,weight,500g,500g,0.0,0.0,0,1,0.034
626_hat-nem-cao-cap-nam-huong_F_crop_0.jpg,name,HẠT NÊM CAO CẤP NẤM HƯƠNG,HẠT NÊM CAO CẤP NÂM HƯƠNG,0.04,0.16666666666666666,1,0,0.166
626_hat-nem-cao-cap-nam-huong_F_crop_1.jpg,brand,Maggi,Maggi,0.0,0.0,0,1,0.039
626_hat-nem-cao-cap-nam-huong_F_crop_2.jpg,weight,55g,55g,0.0,0.0,0,1,0.033
628_bot-ngot-miwon_F_crop_0.jpg,name,Mì chính - Bột ngọt,Mì chính - Bột ngọt,0.0,0.0,0,1,0.127
628_bot-ngot-miwon_F_crop_3.jpg,weight,454 g,454 g,0.0,0.0,0,1,0.046
629_th-true-milk-sua-tuoi-tiet-trung-co-duong_F_crop_2.jpg,weight,1L,1L,0.0,0.0,0,1,0.027
631_mi-y-xuc-xich-kieu-nhat_F_crop_1.jpg,name,MỲ Ý XÚC XÍCH KIỂU NHẬT,MY SING DƯỚNG SẬY VỊ TRỊ,0.8695652173913043,1.0,20,0,0.15
634_hat-dac-rim_F_crop_1.jpg,date,02 tháng khi bảo quản trong ngăn mát,02 tháng khi bào Quản trong ngàn mát,0.05555555555555555,0.25,2,0,0.212
634_hat-dac-rim_F_crop_2.jpg,date,28/11/2024,28/11/2024,0.0,0.0,0,1,0.07
636_sua-trai-cay-nho-tu-nhien_F_crop_0.jpg,brand,TH true JUICE milk,TH true JUICE milk,0.0,0.0,0,1,0.114
636_sua-trai-cay-nho-tu-nhien_F_crop_1.jpg,brand,MISTORI,MISTORI,0.0,0.0,0,1,0.051
636_sua-trai-cay-nho-tu-nhien_F_crop_2.jpg,name,THỨC UỐNG SỮA TRÁI CÂY,TRỨC CỐNG VÀN CÀN CÀNH,0.5454545454545454,1.0,12,0,0.139
636_sua-trai-cay-nho-tu-nhien_F_crop_3.jpg,name,Thức Uống Sữa Trái Cây Nho Tự Nhiên,Thức Uống Sữa Trái Cây Nhiên,0.2,0.25,7,0,0.173
636_sua-trai-cay-nho-tu-nhien_F_crop_4.jpg,weight,110 ml,110 ml,0.0,0.0,0,1,0.044
637_hat-macca-viet_F_crop_0.jpg,date,25/09/2022,25/09/2022,0.0,0.0,0,1,0.068
637_hat-macca-viet_F_crop_1.jpg,date,25/03/2023,25/03/2023,0.0,0.0,0,1,0.064
638_dau-dua_F_crop_1.jpg,name,DẦU DỪA TINH KHIẾT,DẦU DỪA THOT,0.3888888888888889,0.5,7,0,0.074
639_mat-ong-hoa-ca-phe_F_crop_2.jpg,date,24 tháng kể từ ngày sản xuất,24 tháng kể từ ngày sản xuất,0.0,0.0,0,1,0.166
639_mat-ong-hoa-ca-phe_F_crop_3.jpg,date,14/01/24,14/01/24,0.0,0.0,0,1,0.054
640_mat-ong-hoa-ca-phe_F_crop_4.jpg,weight,100ML,100ML,0.0,0.0,0,1,0.039
641_tinh-bot-nghe_F_crop_1.jpg,name,TINH BỘT NGHỆ,TINH BỘT NGHỆ,0.0,0.0,0,1,0.084
641_tinh-bot-nghe_F_crop_2.jpg,weight,250g,250g,0.0,0.0,0,1,0.032
642_bot-chuoi-xanh_F_crop_0.jpg,brand,ĐỨC KHÔI,Gúo Phớng,0.875,1.0,7,0,0.061
642_bot-chuoi-xanh_F_crop_1.jpg,name,BỘT CHUỐI XANH,BỘT CHUỐI XANH,0.0,0.0,0,1,0.09
642_bot-chuoi-xanh_F_crop_2.jpg,brand,ĐỨC KHÔI,ĐỨC KHÔI,0.0,0.0,0,1,0.054
642_bot-chuoi-xanh_F_crop_3.jpg,weight,500g,500g,0.0,0.0,0,1,0.033
643_tra-tieu-thuc_F_crop_0.jpg,name,Trà Tiêu Thực,Trà Chỉnh Thựng NƯỚC NƯỚC,1.2307692307692308,1.3333333333333333,16,0,0.145
643_tra-tieu-thuc_F_crop_1.jpg,weight,150 gam,150 gam,0.0,0.0,0,1,0.049
645_tra-vai_F_crop_0.jpg,brand,Cozy,Cozy,0.0,0.0,0,1,0.035
645_tra-vai_F_crop_1.jpg,name,TRÀ VẢI,TRÀ NƯỚNG,0.7142857142857143,0.5,5,0,0.062
648_tra-bi-dao_F_crop_0.jpg,brand,WONDERFARM,WONDERFARM,0.0,0.0,0,1,0.07
648_tra-bi-dao_F_crop_1.jpg,name,Trà Bí Đao,Tra Moa Cha,0.7,1.0,7,0,0.074
652_tra-bi-dao_F_crop_0.jpg,date,250225,250225,0.0,0.0,0,1,0.043
652_tra-bi-dao_F_crop_1.jpg,date,240226,240226,0.0,0.0,0,1,0.043
653_tra-bi-dao_B_crop_0.jpg,date,250225,250225,0.0,0.0,0,1,0.044
653_tra-bi-dao_B_crop_1.jpg,date,240226,240225,0.16666666666666666,1.0,1,0,0.043
654_hat-dieu-pho-mai_F_crop_2.jpg,date,10.04.2025,05.04.225,0.3,1.0,3,0,0.059
654_hat-dieu-pho-mai_F_crop_3.jpg,date,04.04.2026,04.04.2025,0.1,1.0,1,0,0.064
655_hat-dieu-toi-ot_F_crop_0.jpg,brand,Vinahe CHẤT LƯỢNG TẠO NÊN UY TÍN,Vinahe CHẤT FƯỢNG TÍN TÍN TÍN TÍN,0.25,0.5714285714285714,8,0,0.193
655_hat-dieu-toi-ot_F_crop_2.jpg,date,02.05.2025,02.05.2025,0.0,0.0,0,1,0.065
655_hat-dieu-toi-ot_F_crop_3.jpg,date,02.05.2026,09.05.2025,0.2,1.0,2,0,0.066
656_dau-phong-da-ca_F_crop_0.jpg,brand,POCA,POCA,0.0,0.0,0,1,0.045
657_mit-say_F_crop_1.jpg,name,MÍT SẤY,MỊT SỊT SỊT,1.0,1.5,7,0,0.071
658_mit-say_B_crop_1.jpg,brand,we'natur,we'natur,0.0,0.0,0,1,0.054
659_trai-cay-say_F_crop_0.jpg,brand,rộprộp,rộprộp,0.0,0.0,0,1,0.048
659_trai-cay-say_F_crop_2.jpg,weight,100g,100g,0.0,0.0,0,1,0.033
661_ca-phe-sua_F_crop_0.jpg,brand,HIGHLANDS COFFEE,MUNG CHUANG,0.8125,1.0,13,0,0.078
661_ca-phe-sua_F_crop_2.jpg,weight,185 ml,185 ml,0.0,0.0,0,1,0.045
663_vien-tay-toilet_B_crop_0.jpg,name,VIÊN TẨY TOILET,VIÊN TẤY TOILET,0.06666666666666667,0.3333333333333333,1,0,0.104
663_vien-tay-toilet_B_crop_2.jpg,date,05 10 2024,05 10 2024,0.0,0.0,0,1,0.067
663_vien-tay-toilet_B_crop_3.jpg,date,04 10 2029,0410 2025,0.2,1.0,2,0,0.072
664_vien-tay-toilet_F_crop_0.jpg,name,VIÊN TẨY TOILET,VIÊN TẨY TOILET,0.0,0.0,0,1,0.099
664_vien-tay-toilet_F_crop_1.jpg,brand,3 BLOCKS,3,0.875,0.5,7,0,0.018
666_khan-uot-khong-mui_D_crop_2.jpg,date,18/03/2025,18/03/2025,0.0,0.0,0,1,0.066
666_khan-uot-khong-mui_D_crop_3.jpg,date,3 năm kể từ NSX,3 năm kể từ NSX,0.0,0.0,0,1,0.093
667_khan-uotkhong-mui_D_crop_2.jpg,weight,40g,40g,0.0,0.0,0,1,0.028
667_khan-uotkhong-mui_D_crop_3.jpg,date,18/03/2025,18/03/2025,0.0,0.0,0,1,0.066
667_khan-uotkhong-mui_D_crop_4.jpg,date,3 năm kể từ NSX,3 năm kể từ NSX,0.0,0.0,0,1,0.094
669_khan-uot-khong-mui_D_crop_0.jpg,brand,puri,Puri,0.0,0.0,0,1,0.036
669_khan-uot-khong-mui_D_crop_1.jpg,name,KHĂN ƯỚT KHÔNG MÙI 20 TỜ,KHĂN ƯỚT KHÔNG MÙI 20 TÒ,0.041666666666666664,0.16666666666666666,1,0,0.15
669_khan-uot-khong-mui_D_crop_4.jpg,brand,Puri,Puri,0.0,0.0,0,1,0.034
669_khan-uot-khong-mui_D_crop_5.jpg,name,KHĂN ƯỚT KHÔNG MÙI 20 TỜ,KHĂN ƯỚT KHÔ,0.5,0.6666666666666666,12,0,0.08
670_bot-chien-gion_F_crop_1.jpg,name,BỘT CHIÊN GIÒN,BỘT CHIÊN GIÒN,0.0,0.0,0,1,0.099
671_bot-chien-gion_F_crop_1.jpg,name,BỘT CHIÊN GIÒN,BỘT CHIÊN GIÒN,0.0,0.0,0,1,0.101
673_baking-soda_F_crop_2.jpg,weight,453 g,453 g,0.0,0.0,0,1,0.038
674_baking-soda_B_crop_2.jpg,date,31/12/2027,31/12/2027,0.0,0.0,0,1,0.072
674_baking-soda_B_crop_3.jpg,date,31/12/2024,31/12/2024,0.0,0.0,0,1,0.07
677_mi-ly-hao-hao_F_crop_0.jpg,brand,ACECOOK,CECOOK,0.14285714285714285,1.0,1,0,0.048
677_mi-ly-hao-hao_F_crop_1.jpg,name,MÌ LY,MÌ LY,0.0,0.0,0,1,0.06
677_mi-ly-hao-hao_F_crop_2.jpg,brand,Hảo Hảo,ảo Hảo,0.14285714285714285,0.5,1,0,0.067
679_my-ly-hao-hao_F_crop_1.jpg,name,MÌ LY,MÌ LY,0.0,0.0,0,1,0.04
681_mi-indomie_F_crop_2.jpg,weight,85 g,85 g,0.0,0.0,0,1,0.034
682_mi-indomie_F_crop_0.jpg,brand,Indomie,Indomie,0.0,0.0,0,1,0.08
682_mi-indomie_F_crop_1.jpg,weight,85 g,85 g,0.0,0.0,0,1,0.042
682_mi-indomie_F_crop_2.jpg,name,Mì Káo khô,Mảo khô,0.4,0.6666666666666666,4,0,0.061
683_mi-indomie_F_crop_1.jpg,date,17 11 2025,15 11 2025,0.1,0.3333333333333333,1,0,0.076
683_mi-indomie_F_crop_2.jpg,weight,85 g,85 g,0.0,0.0,0,1,0.042
684_nuoc-uong-vi-sua-chua-goodmood_F_crop_1.jpg,brand,good mood,good mood mood,0.5555555555555556,0.5,5,0,0.108
686_nuoc-uong-vi-sua-chua-goodmood_B_crop_0.jpg,brand,good mood,good good,0.1111111111111111,0.5,1,0,0.067
686_nuoc-uong-vi-sua-chua-goodmood_B_crop_1.jpg,name,NƯỚC UỐNG VỊ SỮA CHUA,NƯỚC UỐNG CHUA CANH,0.38095238095238093,0.6,8,0,0.117
689_grass-jelly-drink_F_crop_1.jpg,name,Grass Jelly Drink,10 2025,0.9411764705882353,1.0,16,0,0.056
689_grass-jelly-drink_F_crop_3.jpg,date,13/11/2024,13/11/2024,0.0,0.0,0,1,0.071
689_grass-jelly-drink_F_crop_4.jpg,date,12/05/2026,12/05/2026,0.0,0.0,0,1,0.071
690_nutri-boostf_F_crop_0.jpg,brand,nutriboost,nutn,0.7,1.0,7,0,0.043
690_nutri-boostf_F_crop_1.jpg,weight,297 ml,297 ml,0.0,0.0,0,1,0.045
695_dau-phong-da-ca-cot-dua_F_crop_1.jpg,name,ĐẬU PHỘNG DA CÁ CỐT DỪA,ĐẬU PHỘNG DA CÁ CÁ CÁ,0.21739130434782608,0.3333333333333333,5,0,0.139
695_dau-phong-da-ca-cot-dua_F_crop_2.jpg,weight,270 G,270 G,0.0,0.0,0,1,0.04
696_hat-dieu-original_F_crop_1.jpg,weight,170g,170g,0.0,0.0,0,1,0.037
697_hat-dieu-original_B_crop_2.jpg,weight,170 g,170 g,0.0,0.0,0,1,0.043
698_dau-phong-nuoc-cot-dua_F_crop_1.jpg,name,Đậu phộng nước cốt dừa,Đậu phộng sương pha,0.4090909090909091,0.6,9,0,0.119
698_dau-phong-nuoc-cot-dua_F_crop_2.jpg,weight,135g,135g,0.0,0.0,0,1,0.042
700_banh-goute_F_crop_0.jpg,brand,ORION,ORION,0.0,0.0,0,1,0.049
700_banh-goute_F_crop_1.jpg,name,Bánh Goute Hạt Dinh Dưỡng,Bánh Goute Hạt,0.44,0.4,11,0,0.097
700_banh-goute_F_crop_2.jpg,weight,"158,4 g","158,4 g",0.0,0.0,0,1,0.051
701_banh-gote_D_crop_0.jpg,brand,ORION,ORION,0.0,0.0,0,1,0.042
702_banh-xop-que_F_crop_0.jpg,brand,JOJO,03.03.2025,2.5,1.0,10,0,0.073
702_banh-xop-que_F_crop_1.jpg,name,BÁNH XỐP QUE,BÁNH XỐP QUÉ,0.08333333333333333,0.3333333333333333,1,0,0.101
703_banh-xop-que_B_crop_2.jpg,weight,70 g,70 g,0.0,0.0,0,1,0.034
704_banh-quy-dua_F_crop_2.jpg,name,BÁNH Quy Dừa,BÁNH Quy Dừa,0.0,0.0,0,1,0.084
705_banh-quy-dua_F_crop_1.jpg,weight,180 g,180 g,0.0,0.0,0,1,0.039
705_banh-quy-dua_F_crop_2.jpg,weight,180 g,180 g,0.0,0.0,0,1,0.039
706_ca-phe-sua-nong_F_crop_0.jpg,brand,MacCoffee Café PHỐ,MecHỐ,0.7222222222222222,1.0,13,0,0.053
706_ca-phe-sua-nong_F_crop_2.jpg,weight,160 g,160 g,0.0,0.0,0,1,0.041
708_tra-huong-lai_F_crop_0.jpg,brand,PHUC LONG,PHỨC LONG,0.1111111111111111,0.5,1,0,0.062
708_tra-huong-lai_F_crop_1.jpg,name,TRÀ HƯƠNG LÀI,TRÀ HƯƠNG LAI,0.07692307692307693,0.3333333333333333,1,0,0.088
708_tra-huong-lai_F_crop_2.jpg,weight,50 g,50 g,0.0,0.0,0,1,0.034
708_tra-huong-lai_F_crop_3.jpg,weight,50 g,50 g,0.0,0.0,0,1,0.033
712_tra-vai-huong-hoa-hong_F_crop_2.jpg,name,Trà Vải hương Hoa hồng,Trà Vải,0.6818181818181818,0.6,15,0,0.055
714_tra-vi-vai-va-huong-hoa-lai_F_crop_1.jpg,brand,NESTEA,NESTEA,0.0,0.0,0,1,0.052
717_tra-gung_B_crop_1.jpg,name,HotGinger,HotGinger,0.0,0.0,0,1,0.063
717_tra-gung_B_crop_2.jpg,date,12/03/2025,12/03/2025,0.0,0.0,0,1,0.065
717_tra-gung_B_crop_3.jpg,date,12/03/2027,12/03/2027,0.0,0.0,0,1,0.068
718_milo_F_crop_0.jpg,brand,Nestle,Nestle,0.0,0.0,0,1,0.045
718_milo_F_crop_1.jpg,brand,MILO,MILO,0.0,0.0,0,1,0.04
722_kem-dac-co-duong_F_crop_0.jpg,brand,Hoàn Hảo,Hoàn Hảo,0.0,0.0,0,1,0.064
722_kem-dac-co-duong_F_crop_1.jpg,name,Kem Đặc Có Đường,Kem Đặc Có Đường,0.0,0.0,0,1,0.104
722_kem-dac-co-duong_F_crop_2.jpg,weight,"1,27 kg","1,27 kg",0.0,0.0,0,1,0.05
722_kem-dac-co-duong_F_crop_3.jpg,name,Kem đặc có đường dùng để pha cà phê,Kem đặc có đường gó đường cha cha,0.37142857142857144,0.5555555555555556,13,0,0.197
724_kem-dac-co-duong_F_crop_1.jpg,date,110325,110325,0.0,0.0,0,1,0.045
724_kem-dac-co-duong_F_crop_2.jpg,date,091225,091225,0.0,0.0,0,1,0.046
725_hat-chia_F_crop_0.jpg,brand,SUNRISE,SUNRISE,0.0,0.0,0,1,0.052
725_hat-chia_F_crop_1.jpg,date,20/08/2024,20/08/2024,0.0,0.0,0,1,0.067
725_hat-chia_F_crop_2.jpg,date,30/08/2027,30/08/2027,0.0,0.0,0,1,0.068
725_hat-chia_F_crop_4.jpg,weight,300 g,300 g,0.0,0.0,0,1,0.041
726_hat-chia_F_crop_3.jpg,name,HẠT CHIA,HẠT CHIA,0.0,0.0,0,1,0.062
727_yen-mach-nep-cam_F_crop_0.jpg,brand,Yumfood,Yumfood,0.0,0.0,0,1,0.055
731_milo_F_crop_0.jpg,brand,Nestle,Nestle,0.0,0.0,0,1,0.044
731_milo_F_crop_1.jpg,brand,MILO,MILO,0.0,0.0,0,1,0.038
